bacteroidetes,0.38132724,0.053687822,0.006143326,0.1451377,0.12552845,-0.10155342,0.22686121,-0.008321665,0.11755722,-0.1947855,0.11604315,0.054103002,0.105491295,-0.1542954,-0.06419043,-0.024473717,0.008938978,0.06447662,-0.017656706,-0.107575685,0.046475362,0.387459,0.20030172,0.017247938,0.13043422,0.12596668,0.004293043,0.11082834,0.052459892,0.04567193,0.06740773,0.14365402,0.22751126,-0.050077233,-0.08386038,0.35035938,-0.037737977,-0.44347134,-0.06719949,0.06045356,0.010038679,0.017235233,-0.23451617,0.13189822,-0.095596366,-0.06470599,-0.12201637,0.14597249,-0.06468547,0.106769174,-0.06720069,-0.114474446,-0.021215241,-0.08719905,0.15260163,-0.054917738,-0.15826252,0.023680061,0.085419,0.16085735,0.07671466,-0.4989643,0.028333582,0.03850997
comamonadaceae,0.29044247,0.06645945,0.031412452,0.03022638,0.09195162,-0.1724281,-0.09327664,-0.06231315,0.03644565,-0.2088533,0.18440935,0.19197305,0.09943943,-0.12311794,-0.028358076,0.07684504,-0.023608899,0.0056145852,0.026479293,-0.042300336,-0.11357317,0.39765316,0.05167554,-0.031425174,0.1493859,0.06471401,0.036301095,0.1023992,0.07787726,-0.02004695,-0.062078197,-0.063557684,0.23921031,-0.050691225,-0.20483935,0.28649616,0.18547586,-0.19304141,-0.10952072,0.11851689,0.14109835,-0.0049498132,-0.23858957,0.017197758,0.035360504,-0.0160654,-0.07540232,0.10250227,-0.13368534,0.05006456,-0.12238254,-0.21381399,-0.0794141,-0.07614177,0.20292449,-0.033719793,-0.061613876,-0.0966352,0.012866724,-0.11153975,0.20601477,-0.26009446,0.1022153,-0.18873152
haemophilus,0.5449888,0.19345115,-0.028931325,-0.06511938,0.034583576,-0.28317302,-0.16164425,-0.1217696,0.065616935,-0.46915305,0.27334064,0.18147938,0.20773843,-0.13363312,0.15116811,0.26399344,-0.09508248,0.19858156,-0.018284108,0.1918026,-0.15783659,0.65043753,0.011097777,-0.008732348,0.18006735,-0.009078946,0.062903866,0.16935542,0.059803687,-0.13889892,-0.021960475,0.031898666,0.4021404,-0.16233858,-0.3196133,0.36468714,0.33912092,-0.31694183,-0.045657136,0.22369371,0.40286177,0.057100795,-0.30079737,0.024375528,0.050969083,0.050445903,0.03292971,0.061902605,-0.3233977,0.15425801,-0.06239288,-0.29332972,-0.38552657,-0.05402495,0.34772727,-0.10516198,0.009898748,-0.19938928,0.07686582,-0.21709906,0.54338443,-0.32007918,0.1935082,-0.5110224
helicobacter pylori,0.33618018,0.066777915,-0.012250127,0.023717906,0.0761495,-0.13838995,-0.03308309,-0.08303508,0.05789263,-0.18472914,0.17420375,0.10340845,0.07221151,-0.09800177,0.03900753,0.10670933,0.0012312632,0.086127035,0.022942428,0.03360632,-0.03527871,0.3405485,0.09114195,-0.00077218283,0.13324101,0.069125906,0.07901016,0.11941913,0.026008219,-0.04643598,0.00048848835,0.016124573,0.22841157,-0.088577025,-0.1710603,0.23545471,0.10870138,-0.2607088,-0.027180754,0.083362505,0.12082776,0.031072797,-0.18068984,0.067187995,0.048537944,-0.03880297,-0.042330172,0.08433432,-0.11954575,0.07365763,-0.085228585,-0.17297734,-0.13781351,-0.084553726,0.16581312,-0.065631665,-0.06988871,-0.075960346,0.002684079,-0.06590785,0.22002542,-0.23229462,0.10411526,-0.2189895
oxalobacteraceae,0.34218618,0.09517175,0.05005167,0.033681937,0.0734202,-0.13502857,-0.12759966,-0.11272678,0.07762708,-0.23163791,0.25243098,0.17570613,0.10104007,-0.14034209,-0.016714,0.10174735,-0.05007093,0.01171488,0.004456234,-0.020967906,-0.14283063,0.4463178,0.072627425,-0.041919954,0.18518694,0.07031753,0.038035527,0.11719151,0.0795589,-0.020439371,-0.085814394,-0.086741425,0.27776828,-0.060263358,-0.22049783,0.31855655,0.20473616,-0.1766922,-0.090611815,0.13954015,0.15773569,-0.010267181,-0.28742048,0.058129527,0.059775207,-0.03155588,-0.114764825,0.13714957,-0.13148515,0.041208666,-0.16776772,-0.24824388,-0.090599075,-0.10391141,0.24018043,-0.04461325,-0.07802735,-0.08660434,-0.028046474,-0.09561796,0.25499487,-0.22885324,0.13315874,-0.24614997
prevotella,0.30937573,-0.008723115,0.032240257,0.10092957,0.12169351,-0.053173445,0.22621492,-0.0039034807,0.21143071,-0.12925099,0.10157573,0.08962795,0.05731802,-0.10877428,-0.02145761,0.03375593,-0.04328489,-0.044380877,-0.030199911,-0.14038491,-0.014732417,0.3936549,0.12982297,-0.048273817,0.10202124,0.12665409,0.070062704,-0.04312718,0.054297756,0.0041580154,0.08693628,0.10051415,0.2793275,-0.02899498,-0.100735515,0.3095336,-0.02100468,-0.4704103,-0.065987,0.05606855,0.029274387,0.028678993,-0.32209733,0.14568566,0.062267546,-0.084612586,-0.18463385,0.18288776,-0.046885025,0.12812409,-0.07939567,-0.12901899,-0.050115924,-0.099891394,0.16564634,-0.0023156893,-0.18927297,0.11646097,0.08113685,0.1997573,0.051730905,-0.507298,0.0041937307,0.012705507
proteobacteria,0.71228194,0.21229161,-0.011934264,-0.009718452,0.041899554,-0.30685347,-0.16402903,-0.20173089,0.058493737,-0.54789317,0.42723677,0.20267,0.24024633,-0.19456539,0.12622753,0.26429713,-0.07664301,0.18368252,0.012330015,0.15088212,-0.09040218,0.77633613,0.11374602,0.0627581,0.27080956,0.059368882,0.08931609,0.25658688,0.0795336,-0.14150593,-0.07697944,0.012644583,0.49075797,-0.18968964,-0.40054443,0.47824767,0.3375415,-0.43495157,-0.06895597,0.24970514,0.3684543,0.06805854,-0.32604286,0.017033625,0.035567474,0.016911577,0.012244664,0.114540316,-0.34198058,0.13554972,-0.12565394,-0.353788,-0.3663598,-0.10853529,0.415013,-0.11830609,-0.024269018,-0.22348405,0.03322247,-0.21982485,0.5878606,-0.40747267,0.28742757,-0.50077444
sphingomonadaceae,0.29706392,0.071477935,0.009894775,0.011451371,0.047863897,-0.10360957,-0.038209017,-0.06175104,0.050603203,-0.17279449,0.19522528,0.056000687,0.03262463,-0.029770274,0.04646662,0.09727439,-0.041086216,0.060302794,0.019071568,0.020162495,-0.038613852,0.31351787,0.036090527,0.050750684,0.09058217,0.014917951,0.07542353,0.087712094,0.014293364,-0.022704288,-0.018654276,0.018494029,0.20370431,-0.07531494,-0.1370373,0.15270257,0.09392291,-0.21912289,-0.054863166,0.094743475,0.11346817,0.00839203,-0.110514455,0.025911318,0.014864598,-0.03424549,-0.03778063,0.046399105,-0.10136168,0.043222185,-0.063554585,-0.15318516,-0.14405958,-0.069144115,0.14812875,-0.047230992,-0.015414346,-0.06362819,-0.0020625778,-0.07912077,0.2366203,-0.18171528,0.073301814,-0.16608824
staphylococcus,0.24956194,0.072875924,-0.03460537,0.1479257,0.14291695,-0.116047084,0.24395716,-0.0073295874,0.0589564,-0.014064314,-0.015276469,0.018420381,-0.06796014,-0.023244182,-0.07408207,0.01706138,-0.031226108,0.27099216,0.09084151,-0.031447947,0.07016354,0.2041844,0.15751854,-0.02858657,0.15146188,-0.017567404,0.016024183,0.12449983,0.16721544,0.07764544,0.042479504,0.2263684,-0.02772594,-0.14914608,-0.025446141,0.16817202,-0.112871036,-0.42506045,-0.040245354,-0.03560861,-0.101358734,-0.019953774,-0.011597395,0.094140776,-0.047580883,-0.106423184,-0.032148175,0.026525732,0.027733466,0.04475808,-0.049561817,0.013490833,-0.004320227,-0.03922528,-0.022649752,-0.028054751,-0.055968937,0.034800164,-0.099681854,0.052831218,0.033128724,-0.2665312,-0.06707865,0.15276818
clostridium difficile,0.2650008,0.040778,-0.09804852,0.16306438,0.12906733,-0.12949276,0.21595046,-0.017987065,0.040990334,-0.032634504,0.03683936,-0.015822662,-0.03786272,-0.0476081,-0.04027409,-0.020301228,-0.039057244,0.18592353,0.06409541,-0.015846377,0.05386648,0.18667267,0.14921649,-0.03731944,0.09084059,-0.034368362,-0.0029489917,0.14043187,0.097443454,0.088921376,0.034950785,0.19467674,0.024687028,-0.07430057,-0.026167369,0.15470354,-0.07400428,-0.38104326,-0.04918698,-0.012171064,-0.120439105,-0.030032968,-0.052823093,0.109046295,-0.053662967,-0.04699784,-0.007462859,0.022338279,0.0032313417,0.07170574,-0.054113697,-0.008560993,0.008011475,-0.014011355,0.032334168,-0.006839721,-0.07979588,0.00072305324,-0.03074858,0.05575473,0.032990653,-0.25699222,-0.047263894,0.095966965
staphylococcus aureus,0.22798017,0.060526337,-0.034595426,0.14066024,0.1289973,-0.106280304,0.2281723,-0.0063403626,0.06405955,-0.0052571613,-0.0018370003,0.009125988,-0.061960068,-0.005392129,-0.05761316,0.009923531,-0.022457989,0.24427839,0.089862294,-0.044130415,0.06631575,0.1850287,0.15019305,-0.020277377,0.14135715,-0.015906375,0.022883587,0.10945441,0.13131736,0.06935511,0.043853723,0.19521953,-0.018792741,-0.13272823,-0.021547584,0.1574011,-0.09049903,-0.39358443,-0.04337137,-0.029360931,-0.087240815,-0.024275018,-0.024947226,0.0859536,-0.046048652,-0.09433018,-0.036636475,0.018470567,0.023441667,0.032632593,-0.054733764,0.011918172,-0.00889091,-0.027674599,-0.026347876,-0.019353699,-0.057646647,0.038860008,-0.0971816,0.049577463,0.034283843,-0.24907954,-0.06520813,0.14385314
staphylococcus epidermidis,0.215012,0.071617715,-0.035779916,0.120895214,0.13670686,-0.10078924,0.21886697,0.011809092,0.053521045,-0.00967467,-0.04442679,0.033028055,-0.06855939,-0.035823736,-0.07135829,0.0155812,-0.028221535,0.24489236,0.07898349,-0.023896469,0.04329589,0.19299649,0.14077473,-0.031792168,0.13015582,-0.0076171304,0.009805659,0.11551153,0.16577172,0.064910084,0.06397108,0.21222465,-0.028052602,-0.12700206,-0.026297199,0.16464294,-0.11005275,-0.39026988,-0.022937495,-0.03473381,-0.08035581,-0.020796588,-0.016885132,0.07726712,-0.044215746,-0.096967876,-0.038472444,0.036170397,0.017787063,0.0516366,-0.030058006,0.004234918,-0.0034618396,-0.043559212,-0.012634644,-0.02679462,-0.055463683,0.02275655,-0.073001325,0.063539684,0.027571455,-0.25750035,-0.061880477,0.12656984
stenotrophomonas maltophilia,0.3842519,0.12177057,-0.034138013,-0.0034006569,0.037605755,-0.19789165,-0.08190822,-0.099838816,0.028285213,-0.25727937,0.21113,0.17472622,0.12994952,-0.06921323,0.087905146,0.08676572,-0.03935707,0.08310863,0.037307907,0.09291808,-0.11047498,0.4031521,0.06844679,0.006752263,0.16102447,-0.012943383,0.04371692,0.14580059,0.11499764,-0.08053833,-0.08567008,-0.007830536,0.22405066,-0.13197856,-0.20620364,0.26311818,0.18873844,-0.20675671,-0.063498855,0.11577608,0.20931795,0.02985955,-0.16460247,0.007393692,0.041562263,0.037953023,-0.018649321,0.053807355,-0.16511725,0.06528339,-0.093681835,-0.20919919,-0.17748158,-0.05704435,0.22187074,-0.066338904,-0.00227103,-0.13628954,-0.01853526,-0.1483196,0.30464894,-0.1831614,0.11583035,-0.2562866
actinobacteria,0.33557874,0.08687916,-0.07666913,0.32746297,0.19604638,-0.1746654,0.14894786,-0.0642875,-0.013192208,-0.15757138,0.08674882,-0.03830528,-0.029414332,-0.17551859,-0.046432372,-0.07140922,-0.095890805,0.33598357,0.10576617,-0.02246513,0.10818272,0.29536054,0.20901535,0.009913812,0.15857174,-0.1141116,-0.053873118,0.2840135,0.050254136,0.28459075,-0.13278715,0.37061724,-0.038455095,-0.19437641,-0.056024976,0.17282708,-0.15214181,-0.5013371,-0.107081845,-0.012871426,-0.1597205,-0.05636766,0.07168802,0.10748872,-0.15468872,-0.09360522,0.023419376,-0.030497488,0.05503855,-0.009444713,-0.09008341,-0.047521092,0.07602578,-0.0096194055,-0.025238326,-0.04720313,-0.04221372,-0.034087256,-0.028050449,0.040553458,0.0493558,-0.31681076,-0.017377563,0.07415676
aerococcus,0.23530789,0.07505343,-0.013413262,0.14919093,0.083331935,-0.0793584,0.2685499,-0.053368635,0.06314793,-0.04951144,0.013359219,0.00040618607,-0.037179206,-0.011259341,-0.06132479,-0.01744205,-0.027040688,0.2584026,0.04234247,0.012098538,0.048666432,0.22083394,0.13760221,0.0015120683,0.15271871,0.024413336,0.023348354,0.16084003,0.15949066,0.08083282,0.0052209725,0.18773128,-0.07526962,-0.13371086,-0.018086383,0.12564453,-0.12765932,-0.35175782,-0.070036404,-0.04041161,-0.15672727,-0.017081076,-0.029141255,0.085956685,-0.06759103,-0.05732084,0.000111498055,0.008028493,0.053099927,0.049675066,0.0045089624,0.0055604135,-0.03446951,-0.07015482,0.010675555,-0.044281166,-0.03634829,-0.0099386275,-0.10887289,0.040534977,0.010248984,-0.24302882,-0.016776476,0.1355838
betaproteobacteria,0.4328523,0.15908451,0.015018107,0.0058220853,0.054117236,-0.15458678,-0.10039101,-0.11938941,0.050925083,-0.31398234,0.25355056,0.1729798,0.11841666,-0.1592541,0.01640715,0.13922828,-0.043782566,0.0669242,-0.008773687,-0.0029194485,-0.085399956,0.49446213,0.08883769,-0.012679412,0.19216602,0.064540215,0.054216176,0.13560446,0.058610238,-0.035670526,-0.04873685,-0.018474001,0.32136005,-0.08974905,-0.23912367,0.33973116,0.20614623,-0.25050464,-0.05417831,0.1492489,0.21201332,-0.008593379,-0.29091576,0.021980219,0.05312932,-0.018286977,-0.046127576,0.14202714,-0.2074917,0.09275569,-0.11504943,-0.26260036,-0.15304174,-0.075107604,0.28882006,-0.05612445,-0.08164409,-0.12520517,0.014352504,-0.10451795,0.3131931,-0.26197445,0.16619703,-0.28990075
clostridiales,0.35295853,0.12397625,-0.054630674,0.16976872,0.12844725,-0.16688901,0.30606288,-0.0067761657,0.13770826,-0.102006465,0.027410664,-0.01042153,-0.010703382,0.0058014416,-0.0928498,-0.03531718,0.016233912,0.24564494,0.05633427,-0.028614415,0.024428396,0.30253667,0.18419686,0.08725442,0.15993334,0.08048446,0.04584043,0.19314188,0.09744642,0.06782377,0.108953044,0.21078324,0.03895554,-0.03730111,-0.06835054,0.27145925,-0.074667424,-0.45909,-0.09793799,0.00052896887,-0.11160313,-0.030634893,-0.1624481,0.14941916,-0.12564482,-0.112404324,0.00975382,0.02757338,-0.0008493264,0.060422257,-0.11413585,-0.01181253,-0.035785887,-0.058650598,0.03157188,0.022575378,-0.15434417,-0.035019733,-0.077064216,0.13313465,0.08679025,-0.37198764,-0.033592056,0.11450427
clostridium,0.3155429,0.06609246,-0.10078335,0.18037853,0.14537546,-0.15822265,0.24381733,-0.009658007,0.048649155,-0.04923211,0.02769313,-0.009418812,-0.04491977,-0.05425917,-0.04225637,-0.02267555,-0.043973412,0.22223943,0.07898457,-0.02564676,0.06270821,0.20758249,0.17577071,-0.035457607,0.1161956,-0.039306086,-0.005710963,0.1502243,0.10844421,0.10857045,0.03768703,0.22552678,0.024611712,-0.08636608,-0.033503577,0.17427418,-0.094630316,-0.432225,-0.056189068,-0.011615733,-0.12721102,-0.03115992,-0.06474605,0.11188759,-0.049109768,-0.05880996,-0.0068769343,0.041576892,-0.0006141376,0.076859385,-0.070135236,-0.014014162,0.013416095,0.0009777606,0.031046959,-0.009736799,-0.086221874,-0.0069965846,-0.04284719,0.058588922,0.041244004,-0.28140825,-0.0662603,0.10575088
firmicutes,0.42140242,0.17991406,-0.05802445,0.21648939,0.16401501,-0.15970787,0.39810655,-0.007681443,0.123841666,-0.15398741,0.054380387,0.004704169,0.006515058,-0.02252798,-0.10497112,-0.023225388,0.026186274,0.37315416,0.06480268,-0.01319894,0.059486993,0.3810119,0.2619023,0.09052892,0.17279491,0.08668873,0.036016397,0.26537412,0.13435972,0.056836188,0.08755989,0.25585282,0.032326348,-0.103446975,-0.09108589,0.33362418,-0.06612912,-0.51708287,-0.08913355,0.026676726,-0.12187779,-0.040423337,-0.14885709,0.14414261,-0.17376177,-0.15327755,0.03431002,0.04944497,-0.03044294,0.09670533,-0.113375954,0.03870061,-0.024353694,-0.075051695,0.027687991,-0.016358014,-0.1767987,-0.0155503955,-0.093816414,0.18014945,0.062290486,-0.44994318,0.009944543,0.15251398
fusobacteria,0.34678248,0.11414796,-0.04659991,0.1598752,0.110598154,-0.18375951,0.13910416,-0.08072193,0.054099597,-0.20672895,0.13244727,0.072355896,0.07354253,-0.15214804,-0.010714509,0.04241698,0.00644463,0.122777335,0.06311446,-0.029355166,-0.0032883068,0.37183955,0.2195365,0.047864877,0.11579174,0.09314669,0.048569713,0.19603631,0.017375663,0.007754759,0.028531685,0.12490934,0.19500731,-0.08970886,-0.12261176,0.28563118,0.051357117,-0.36501175,-0.09655657,0.092017055,0.04687867,0.01943128,-0.16186813,0.12091552,-0.06765972,-0.07224409,-0.049381565,0.04752181,-0.13295723,0.07948479,-0.12146148,-0.098145306,-0.061401047,-0.072632045,0.09731119,-0.035479866,-0.06633237,-0.006381988,0.026477009,0.0314495,0.14510411,-0.38158023,0.05710975,-0.06026498
gardnerella,0.25762764,0.056290697,-0.065939546,0.28005984,0.15899856,-0.14014557,0.13034773,-0.06883761,-0.0014958279,-0.113415614,0.074322745,-0.022536516,-0.04531904,-0.13943385,-0.032667145,-0.045825344,-0.07607812,0.2590622,0.07736053,-0.018363995,0.075557016,0.23729275,0.15656397,-0.008199287,0.12634434,-0.097507045,-0.03468083,0.19294308,0.042328157,0.24640101,-0.11854851,0.29267272,-0.024448851,-0.12939084,-0.048458457,0.12651159,-0.10926449,-0.39171016,-0.106684044,-0.0150869265,-0.14246021,-0.04613672,0.04678984,0.086339265,-0.113201305,-0.06285765,0.0018332415,-0.018156193,0.058293484,-0.00022113058,-0.089233525,-0.06729067,0.06491744,-0.010994514,-0.0176384,-0.022240486,-0.025225312,-0.02838792,-0.016839575,0.038559318,0.03431713,-0.25332245,-0.020616293,0.060371853
gardnerella vaginalis,0.22056614,0.03900474,-0.052412733,0.24179828,0.1407635,-0.124213636,0.10021735,-0.053240877,-0.007838807,-0.10096345,0.0791417,-0.0022872323,-0.041408975,-0.12240308,-0.023536224,-0.035376433,-0.061470844,0.19732858,0.07848392,-0.002467094,0.05402656,0.20369667,0.12412609,-0.008375273,0.10731713,-0.085597835,-0.029697552,0.15774396,0.040792294,0.20757365,-0.100267306,0.23497406,0.00094789336,-0.11235542,-0.0430146,0.11561359,-0.087128,-0.32732505,-0.0831808,-0.024880387,-0.12472945,-0.035836864,0.03363122,0.08782027,-0.08132262,-0.052570444,0.005031131,-0.0038691566,0.054841474,-0.0054050926,-0.10045034,-0.07280185,0.04283062,-0.021698993,-0.01980863,-0.013506575,-0.018774033,-0.032405075,-0.01832128,0.030073006,0.039059974,-0.20081617,-0.01828561,0.057613973
lactobacillus,0.22282338,0.12140488,-0.061072677,0.16000913,0.099857174,-0.09827472,0.17518356,-0.03580529,0.069525704,-0.08625295,0.019335344,-0.018339274,0.03085419,-0.03925665,-0.033758212,0.01366991,-0.03441933,0.21942416,0.048469674,0.026203217,0.08560323,0.20558392,0.12903658,-0.020343993,0.120102145,0.0068750274,0.0062580723,0.16180643,0.15058403,0.12527242,-0.02165078,0.20545593,-0.0919088,-0.12173354,-0.052350227,0.13835621,-0.11063562,-0.34810808,-0.07843621,0.0010046661,-0.11825619,-0.033783056,-0.037956994,0.05604527,-0.083988935,-0.09067286,9.920832e-05,0.040663745,0.025957866,0.119262934,-0.022134727,-0.02015762,0.046752315,-0.06823638,0.01064256,-0.010294793,-0.04239612,-0.07257572,-0.032909654,0.08841728,-0.024705615,-0.23977491,0.002101479,0.09288991
lactobacillus crispatus,0.19922341,0.10542587,-0.053562336,0.14355832,0.097793445,-0.086995505,0.169981,-0.04051178,0.07121156,-0.05643983,0.016536891,-0.015099532,0.020717623,-0.039814353,-0.03876986,0.0044733384,-0.037552346,0.17910823,0.041045878,0.031924725,0.06327334,0.19769754,0.13193491,-0.023290433,0.09291478,-0.0028362158,0.007889042,0.13750538,0.12765549,0.12034648,-0.007963924,0.18104163,-0.07068625,-0.10747281,-0.039945967,0.12807167,-0.096908495,-0.31044036,-0.056681324,-0.0128989015,-0.10162609,-0.022276456,-0.030385181,0.06273005,-0.08065234,-0.07869332,-0.015421091,0.04947548,0.007347743,0.10430025,-0.016849397,-0.020269081,0.044207614,-0.063400336,-0.0064820107,-0.0069524837,-0.041405912,-0.04791413,-0.02796412,0.086386204,-0.027540334,-0.22012043,0.005413791,0.0755061
leptotrichia,0.28744525,0.04594961,-0.0030438958,0.07621456,0.102723226,-0.09763412,0.20005909,-0.057269122,0.17663293,-0.13042372,0.094954565,0.10389599,0.07512751,-0.121394806,-0.011063216,0.039044145,0.015466909,0.0055154646,0.011456852,-0.10956745,0.0020649764,0.39547408,0.21023487,0.017052058,0.14469375,0.17394851,0.096767165,0.047969382,0.04334244,-0.0390616,0.092765294,0.061582595,0.24181016,-0.06718808,-0.13412578,0.31801468,0.03575635,-0.43560046,-0.070749015,0.06719227,0.1008017,0.028927023,-0.29795524,0.13976844,0.03435013,-0.090136126,-0.1123045,0.14393574,-0.06847372,0.10991365,-0.1260336,-0.12218703,-0.076775186,-0.1213016,0.13145429,-0.016132437,-0.16759749,0.071963795,0.02856898,0.12771885,0.103295915,-0.4360792,0.03278541,-0.08338436
megasphaera,0.24393602,0.06506246,0.0032148117,0.033082806,0.13856044,-0.08321665,0.10896468,-0.029140934,0.12591043,-0.0762695,0.035933334,0.059762422,0.021812184,-0.071197316,-0.025219128,0.013896948,-0.046520006,0.039987117,-0.011695701,-0.067166984,-0.032264225,0.30260912,0.07660573,0.026083782,0.10665614,0.04986978,0.054121066,0.033240575,-0.020859553,-0.004648528,0.08450379,0.10589846,0.17807934,-0.07484144,-0.120547794,0.19638912,-0.001864722,-0.33383018,-0.025297316,0.048655633,0.056714814,0.00075255934,-0.20879596,0.09687649,-0.010671721,-0.057575718,-0.10145438,0.07938174,-0.059166044,0.04093383,-0.063400805,-0.086862125,-0.04666078,-0.03173217,0.09389748,-0.024677355,-0.14352259,0.016557124,0.024274368,0.059363298,0.087360226,-0.34018055,-0.0015575661,-0.06984007
mobiluncus,0.22978666,0.056117173,-0.01271338,0.20634037,0.12375287,-0.10722403,0.10822365,-0.041832343,0.018107831,-0.07497413,0.06570613,-0.034376364,-0.020467931,-0.11554577,-0.0347081,-0.05866931,-0.086430244,0.19801028,0.049727082,-0.014965197,0.05170283,0.19963385,0.13455927,0.02682652,0.10117439,-0.09559252,-0.0052289385,0.17617017,0.035919093,0.1826393,-0.0647442,0.25597417,-0.009406463,-0.13809869,-0.01817918,0.096264906,-0.09854992,-0.34621924,-0.070807815,-0.030903246,-0.10384039,-0.01334843,0.03993767,0.10102193,-0.108556986,-0.07134162,-0.034352947,-0.049383704,0.057157174,0.007182027,-0.039027724,-0.028188646,-0.014010809,-0.02467631,-0.042222,-0.029299127,-0.035488967,-0.012219125,-0.0039813034,0.013561607,0.03525504,-0.24880072,-0.0013616792,0.031920157
streptobacillus,0.482255,0.09841139,-0.04302463,0.029914308,0.06330582,-0.25130877,-0.037413232,-0.13166712,0.034555838,-0.32892424,0.2539861,0.111496605,0.14062175,-0.18721889,0.10557015,0.17169383,-0.027405528,0.15405868,0.037742604,0.11494949,-0.081056304,0.4867139,0.09296967,0.0667191,0.13815494,0.047130663,0.09391638,0.2290167,-0.030383907,-0.08078294,-0.0047731115,0.041812938,0.32256734,-0.09095609,-0.2595046,0.34372175,0.20009397,-0.34429052,-0.05920744,0.15726763,0.16187078,0.053419374,-0.19843434,0.09736492,-0.0036019213,-0.028630719,0.0043775253,0.0005454987,-0.22600457,0.087289736,-0.14971994,-0.22250248,-0.22729322,-0.09239447,0.22715837,-0.075422905,0.009266708,-0.09484043,0.03475864,-0.09627798,0.3630459,-0.35993534,0.12368078,-0.28705552
enterobacteriaceae,0.92864454,0.2311811,-0.1620848,-0.08410736,0.033044882,-0.44135657,-0.23258525,-0.27513385,0.01971268,-0.73649925,0.5380809,0.26483518,0.3663712,-0.17322178,0.28990486,0.39668328,-0.1461562,0.34471697,0.024311442,0.40941745,-0.15740238,1.0451303,0.096998885,0.1183528,0.33666852,0.012440611,0.107788615,0.40148318,0.08146625,-0.22779483,-0.13973416,0.051867902,0.584939,-0.337195,-0.5504436,0.600294,0.543597,-0.53976727,-0.0044018887,0.32218403,0.47927538,0.06521185,-0.35220966,-0.01097019,0.06278726,0.095621064,0.0965999,0.061343234,-0.5302507,0.14950222,-0.09627332,-0.39899445,-0.49909493,-0.12231965,0.60338014,-0.20239702,0.07400361,-0.3394506,0.014030192,-0.31168872,0.793549,-0.41334033,0.38440922,-0.69214123
enterococcus,0.19726604,0.075185694,-0.035463475,0.13723582,0.098702885,-0.046360105,0.1419296,-0.014722113,0.009783032,-0.07419418,0.03313791,-0.0028062994,0.0051891976,-0.047788743,-0.06703898,-0.025518218,-0.04316081,0.18709083,0.05661802,0.04192049,0.042802636,0.18416357,0.13866466,-0.016574368,0.092791416,0.016036764,-0.018923169,0.17669171,0.101937875,0.08966748,0.0034672604,0.1448664,-0.04823809,-0.119903415,-0.028597588,0.12979852,-0.06666121,-0.2571966,-0.041310553,-0.000380978,-0.1048954,-0.021744195,-0.040095475,0.0721508,-0.058292944,-0.03586187,0.018398002,0.037103683,0.012344117,0.052998155,-0.021063386,0.01319994,0.03221873,-0.040313855,0.038059857,-0.042800453,-0.05509581,-0.031031335,-0.06254822,0.019518524,0.013367797,-0.17483723,0.030244438,0.052793458
klebsiella,0.72596455,0.17687751,-0.12885343,-0.07224364,0.035165936,-0.32379907,-0.17853576,-0.20460227,0.011437,-0.5827814,0.420501,0.2000633,0.27882338,-0.12935652,0.21730494,0.2882452,-0.08789993,0.25498846,0.028243262,0.31164715,-0.0945256,0.80778104,0.07591488,0.08434769,0.26454687,0.012714047,0.08108317,0.31654337,0.049575783,-0.16624053,-0.11145639,0.03833874,0.44606382,-0.27018142,-0.42386332,0.46526223,0.40203238,-0.42219695,0.013959451,0.24866518,0.36995173,0.038055867,-0.26564458,-0.02287462,0.040027153,0.07124409,0.07792661,0.054389697,-0.3993215,0.11524814,-0.08462989,-0.3036889,-0.38244393,-0.10535538,0.4760208,-0.16500257,0.04147939,-0.27159745,0.023830008,-0.23466878,0.58859575,-0.30749798,0.29144692,-0.5301504
propionibacterium,0.21133034,0.05437253,-0.040970564,0.19575852,0.13239329,-0.12911092,0.0859972,-0.028487667,0.015800769,-0.10160495,0.069583274,-0.033911366,-0.000119344724,-0.12999697,-0.061459884,-0.079212695,-0.07696615,0.20969273,0.07622989,-0.03623924,0.060328923,0.21150307,0.12534732,0.024762236,0.10741894,-0.06248646,-0.03829486,0.20254527,0.025407502,0.20594777,-0.036022436,0.24425817,-0.011568985,-0.10033079,-0.031937025,0.1362039,-0.10852955,-0.3551498,-0.09035985,-0.011869043,-0.076775774,-0.050271783,0.016602416,0.08212255,-0.15028478,-0.07831672,-0.007430356,-0.041316196,0.03595065,-0.029383566,-0.053244036,-0.03760951,0.032031167,-0.00046599982,-0.0087638,-0.04265594,-0.046286322,-0.018252185,-0.0014690347,0.03476859,0.04702253,-0.25423685,-0.015432421,0.047726285
propionibacterium acnes,0.1917776,0.04713011,-0.049900103,0.17925769,0.11553266,-0.1408181,0.09849202,-0.025839783,0.023023289,-0.092779845,0.05539075,-0.011168529,-0.020571468,-0.119049914,-0.057223454,-0.08552052,-0.053992327,0.20450334,0.07552321,-0.045351714,0.06358259,0.19591369,0.12537251,0.021684378,0.109742664,-0.046458278,-0.04122886,0.19484568,0.029596815,0.19717307,-0.027027585,0.21816576,-0.0026243564,-0.071484506,-0.024718905,0.1433746,-0.10213366,-0.32893628,-0.091815315,-0.00720609,-0.07061394,-0.04969991,0.0037178802,0.07978878,-0.15077616,-0.07425508,-0.0062592067,-0.03279976,0.03612291,-0.032354992,-0.049564186,-0.05049572,0.02594255,0.0044238386,0.0017240031,-0.03302018,-0.04700275,-0.0074205804,-0.00019109994,0.036236435,0.040416297,-0.23772962,-0.03170796,0.039825942
streptococcus,0.2511792,0.06533101,0.013916193,0.15101047,0.14320305,-0.07683198,0.30751964,-0.03255372,0.09853401,-0.0197082,0.018358633,0.02223616,-0.026209278,0.0055545797,-0.078518145,-0.031249901,-0.014575367,0.3070073,0.037376385,-0.0017648024,0.08281971,0.26724344,0.19753794,-0.018517498,0.20735444,0.05446791,0.058853664,0.18800737,0.1486183,0.07451291,0.04986183,0.20381422,-0.1022328,-0.21401465,-0.03465717,0.1436287,-0.11384161,-0.39290306,-0.043318234,-0.03616711,-0.16832826,-0.0114583,-0.028627597,0.07711217,-0.06271108,-0.115694225,-0.027995393,0.04099477,0.027083134,0.10646002,0.060930792,0.06619672,-0.024301792,-0.06215501,0.043587413,-0.07453767,-0.10930309,0.0180226,-0.11207004,0.016859587,-0.03470055,-0.28966722,0.062191382,0.13449003
actinobacillus,0.59860456,0.19359322,-0.055641837,-0.04434071,0.010851183,-0.32269502,-0.13911748,-0.13595639,0.075405605,-0.5025813,0.31504142,0.19982772,0.22602984,-0.15357976,0.20254564,0.29620987,-0.113337904,0.197733,-0.019470733,0.21572363,-0.18388654,0.7260218,0.012399456,0.01662511,0.19615711,-0.038855504,0.07873352,0.18333791,0.05521538,-0.16522916,-0.036991358,0.053593867,0.43831718,-0.19010472,-0.353696,0.38027367,0.3785957,-0.35073918,-0.0756944,0.22067621,0.39651892,0.059344657,-0.29040042,0.0067244475,0.053839605,0.071975894,0.04368986,0.071308665,-0.3728624,0.18214422,-0.0778484,-0.31292498,-0.3968108,-0.084817216,0.39603624,-0.12852772,0.042833637,-0.24076748,0.054743886,-0.22052461,0.56984365,-0.31394336,0.19530976,-0.5317268
aggregatibacter,0.5491165,0.17904578,-0.04002518,-0.056308422,0.0268201,-0.28531042,-0.11913645,-0.10275047,0.06644796,-0.45786607,0.25809428,0.16948867,0.18668161,-0.13603584,0.16054067,0.26879174,-0.08469163,0.18067196,-0.029152703,0.19076812,-0.17481072,0.6331826,0.013357238,-0.030540407,0.17338154,-0.013632935,0.08610075,0.17460433,0.044999786,-0.15114762,-0.010929771,0.027798526,0.40497547,-0.15185171,-0.32461688,0.36776483,0.3482729,-0.32367942,-0.057830006,0.20991918,0.37168422,0.06573187,-0.29028544,0.018942794,0.06743104,0.025980737,0.042731907,0.066939555,-0.32620615,0.17992629,-0.06879527,-0.29616982,-0.38947204,-0.070262656,0.3498956,-0.09620203,0.019445043,-0.18607202,0.069996834,-0.19451086,0.5301795,-0.3010833,0.19138594,-0.49711674
bacillus,0.22807921,0.052403893,-0.054064225,0.1646263,0.13744399,-0.12021609,0.18599436,-0.038301926,0.03943092,-0.016216652,0.027962245,0.018996676,-0.030561352,-0.05023,-0.057293825,-0.008146757,-0.018777337,0.16930787,0.06453537,-7.100229e-05,0.04557821,0.17698322,0.12596999,-0.036190603,0.11100795,-0.0015012618,0.000794871,0.108268365,0.111083604,0.06071031,0.022762612,0.17624137,0.009237036,-0.09752048,-0.04003442,0.16455808,-0.06815174,-0.32495767,-0.054016043,0.0033343732,-0.11034414,0.010047438,-0.009976335,0.0977879,-0.03237823,-0.09715277,-0.010921309,0.007653606,-0.005750344,0.051651023,-0.08296351,0.011322219,0.0009986698,-0.03480241,0.01227237,-0.0074973092,-0.08278637,0.013617933,-0.046844535,0.024595398,0.025369646,-0.21786857,-0.050416015,0.10935604
bacteroidaceae,0.37374836,-0.007804771,0.062420838,0.12347784,0.15304679,-0.051912583,0.2808914,-0.019570803,0.26205552,-0.14703667,0.12601233,0.11733248,0.061287846,-0.16104133,-0.025588585,0.022516934,-0.045951154,-0.057323545,-0.0482216,-0.18038172,-0.006416489,0.5013101,0.17372955,-0.072808765,0.14881526,0.17234312,0.07982225,-0.045490287,0.098334216,-0.0007456697,0.11610365,0.117245704,0.33097607,-0.024397874,-0.11898821,0.39595777,-0.052008465,-0.5887074,-0.07945009,0.070139945,0.044443596,0.037526194,-0.42069563,0.19619001,0.051505405,-0.09779736,-0.24498427,0.23727244,-0.05036455,0.15913013,-0.110252514,-0.16723686,-0.044644993,-0.11727089,0.21620554,-0.003145889,-0.26301876,0.13913518,0.097625226,0.24689744,0.07383887,-0.636971,-0.010151736,0.0127308015
bacteroides,0.32380846,-0.022029508,0.0855149,0.106592245,0.1484744,-0.04131954,0.21752685,-0.009516349,0.22798109,-0.10348824,0.10943801,0.106020816,0.045928307,-0.17548765,-0.017520439,0.014341792,-0.025791073,-0.05891578,-0.05478817,-0.15895054,-0.009719286,0.43979967,0.15861142,-0.07925747,0.16505712,0.14592789,0.061044116,-0.040228557,0.10770575,-0.01936008,0.07828621,0.09567593,0.27170885,-0.025325434,-0.10594439,0.35268825,-0.04772052,-0.5275866,-0.069419414,0.063375264,0.03598773,0.054861054,-0.36077034,0.15486951,0.05255278,-0.07876647,-0.23441292,0.21625373,-0.048073296,0.13505039,-0.11305734,-0.14926697,-0.048870783,-0.1036766,0.18221924,-0.0063775484,-0.23046944,0.0957659,0.09029101,0.20665908,0.069745414,-0.53336585,-0.01556503,0.017567584
bacteroides fragilis,0.26643774,-0.013443169,0.07276367,0.08993575,0.125656,-0.029733697,0.16389892,-0.0066387993,0.19222246,-0.091678016,0.10580025,0.0956707,0.03971714,-0.17525092,-0.028338253,0.017914455,-0.03206904,-0.05273265,-0.034219753,-0.14042488,-0.0029420597,0.3866003,0.13655123,-0.08006103,0.14758863,0.12882917,0.046632804,-0.049668636,0.07793983,-0.012274419,0.05441197,0.07891679,0.24046664,-0.023723548,-0.09025769,0.29149806,-0.012206696,-0.43912497,-0.047708046,0.048176978,0.039545096,0.058105,-0.33914518,0.13055824,0.075959675,-0.06552332,-0.20640261,0.19597353,-0.04967716,0.12339805,-0.11134032,-0.12743953,-0.045797814,-0.08798466,0.163432,0.006866153,-0.21608013,0.056855932,0.094421506,0.169578,0.05159359,-0.43123952,0.0017324091,0.005612018
bacteroides thetaiotaomicron,0.29284838,-0.02289075,0.09088779,0.10559983,0.14248401,-0.039680198,0.18196768,-0.011918714,0.20564337,-0.07588323,0.10117864,0.10106722,0.019011656,-0.16677703,-0.0038449215,0.011983147,-0.01265511,-0.033807926,-0.053878393,-0.12750226,-0.019782532,0.3982618,0.1345917,-0.06087284,0.16656072,0.13117234,0.054955624,-0.03334541,0.11358144,-0.02816955,0.056370903,0.0852123,0.2438394,-0.019359129,-0.09912504,0.31143117,-0.048790727,-0.46718895,-0.07929385,0.052583035,0.023569306,0.04968734,-0.313022,0.13359156,0.037034325,-0.055909194,-0.2272043,0.1730586,-0.033628825,0.09803573,-0.11557199,-0.13655917,-0.068359345,-0.11310534,0.17137015,-0.02456408,-0.19995171,0.07159816,0.062164474,0.18787023,0.07068161,-0.46114624,-0.016108043,-0.011859784
bifidobacterium,0.25969785,0.043888416,-0.060124405,0.25522795,0.13905084,-0.12227583,0.098724015,-0.031847488,-0.010339054,-0.11454993,0.048655838,-0.020859873,-0.027276581,-0.13825701,-0.025505789,-0.06400207,-0.08869996,0.2524449,0.089519486,-0.031452827,0.07261399,0.22318126,0.15912017,0.0075954823,0.115012966,-0.09329946,-0.04443942,0.20859966,0.029859794,0.23066607,-0.108270876,0.28023344,-0.043672726,-0.14102511,-0.040909402,0.1295778,-0.105652824,-0.37300932,-0.080908045,-0.008090906,-0.122514345,-0.042291768,0.06435169,0.055011056,-0.115894794,-0.06999351,-0.0023006685,-0.01049311,0.024988158,-0.012838545,-0.05815221,-0.040907107,0.07774299,-0.007207032,-0.02061033,-0.03659128,-0.022288762,-0.031300765,-0.020582307,0.029757783,0.033072773,-0.2566948,-0.020493872,0.066809736
citrobacter,0.7173263,0.17803402,-0.12326974,-0.060649183,0.03487552,-0.33571,-0.16638848,-0.20056339,0.0082050515,-0.5405367,0.39758873,0.20389692,0.25979027,-0.13113753,0.21521029,0.2992842,-0.0947098,0.25814137,0.012831812,0.3054219,-0.11173842,0.7911238,0.07374748,0.07300652,0.2574724,0.0068381918,0.07736208,0.29869622,0.051091455,-0.17692044,-0.102917366,0.03198501,0.45773607,-0.2521185,-0.42251673,0.4565914,0.3959971,-0.4131434,0.009066416,0.23506275,0.3469452,0.04370264,-0.27939683,-0.004992116,0.0711806,0.06915171,0.05438144,0.050920866,-0.39247763,0.12657559,-0.07408239,-0.31781742,-0.38326254,-0.094691366,0.47218087,-0.14906232,0.03894515,-0.26541007,0.02821863,-0.23534562,0.5919379,-0.31122884,0.2877206,-0.512719
cronobacter,0.6923667,0.1899641,-0.10805088,-0.05297185,0.030735768,-0.31576368,-0.18322372,-0.20786041,0.00088661443,-0.53653294,0.40579745,0.18263756,0.25334424,-0.12973627,0.21385843,0.2960186,-0.101459466,0.2491748,0.009578456,0.3002209,-0.11491501,0.77843755,0.073150516,0.07290538,0.23423068,-0.032371935,0.06872532,0.29187852,0.046189018,-0.16551559,-0.11437001,0.04162297,0.44342116,-0.26334065,-0.40454158,0.43983197,0.378116,-0.39673412,-0.02027445,0.24108295,0.35022053,0.03203415,-0.25640795,0.004278448,0.032967824,0.060491886,0.053175416,0.027801987,-0.38805166,0.11430378,-0.069918714,-0.29009956,-0.37187955,-0.09061347,0.43664077,-0.14931087,0.0531757,-0.25162825,0.010396954,-0.24004723,0.58043337,-0.32846922,0.27587578,-0.5061683
desulfotomaculum,0.29182595,0.060929712,-0.061803177,0.22198069,0.15150958,-0.15505242,0.23912406,-0.018623147,0.042449966,-0.056851864,0.056395486,-0.008634605,-0.04045962,-0.028200075,-0.049764402,-0.039586414,-0.017520813,0.2167183,0.09621393,-0.025248459,0.07141232,0.22710612,0.17238048,-0.014125162,0.115358755,-0.029413637,0.005416898,0.15738127,0.13157801,0.096497305,0.041358344,0.20856053,0.02102588,-0.08537413,-0.011134928,0.16250777,-0.077937156,-0.42534813,-0.09199872,-0.005275173,-0.12646814,-0.017993914,-0.046292223,0.112252824,-0.09790438,-0.07896852,-0.018679576,0.024947058,0.0076660207,0.057807352,-0.091403544,-0.0023501883,-0.008531153,-0.020889377,-0.021575535,0.015060201,-0.08480477,0.010465732,-0.059185423,0.047294434,0.056780767,-0.27839068,-0.06972032,0.11908421
edwardsiella,0.7089158,0.18539764,-0.1222903,-0.053217348,0.033845313,-0.32029808,-0.17588171,-0.19589576,0.012701205,-0.5670983,0.41510284,0.18858726,0.25869337,-0.13219498,0.20763913,0.29966095,-0.11118056,0.2518901,0.034443233,0.29330355,-0.11002247,0.78782886,0.07091034,0.090762496,0.25341383,0.00036661737,0.09013695,0.29693615,0.0436463,-0.16555342,-0.10375201,0.053039733,0.44837058,-0.24984902,-0.3998179,0.44828218,0.4071356,-0.43647528,0.0045351014,0.24073867,0.37030742,0.039833073,-0.27841914,-0.004411151,0.049152326,0.058085945,0.070052266,0.047042105,-0.39957905,0.11563933,-0.076348655,-0.306703,-0.3764907,-0.0947181,0.44813955,-0.15555009,0.04216632,-0.24935415,0.014484499,-0.22561991,0.5955115,-0.312689,0.28758046,-0.5150764
enterobacter,0.71050435,0.17079408,-0.124114186,-0.052996036,0.013677695,-0.3294301,-0.15703392,-0.1936952,0.01504442,-0.5343209,0.40853342,0.21057627,0.27710664,-0.13533048,0.24752182,0.3121943,-0.1068439,0.2626201,0.00087237824,0.2958156,-0.12292809,0.80234486,0.07014676,0.059210055,0.26074758,-0.009286951,0.08413196,0.30380964,0.053776555,-0.18313794,-0.111889444,0.027132487,0.45739347,-0.26570103,-0.43426576,0.47606033,0.41808486,-0.42101067,-0.0038760882,0.24094096,0.34043774,0.03766908,-0.27574298,-0.019950608,0.07088429,0.0770382,0.07433224,0.049579762,-0.43327457,0.12974393,-0.0759207,-0.29342544,-0.37114045,-0.08301766,0.47464174,-0.13923037,0.031594973,-0.2629708,0.012221646,-0.23648319,0.5808452,-0.31506974,0.30091336,-0.50212073
erwinia,0.7217759,0.17895061,-0.11206973,-0.06449306,0.033629052,-0.33239436,-0.15817422,-0.23018387,0.006166813,-0.52411586,0.41036308,0.18911023,0.25945792,-0.11658344,0.23861843,0.29344797,-0.07501386,0.25129828,-0.002922739,0.29291627,-0.0929862,0.7962493,0.07180316,0.090919785,0.25002494,-0.008775827,0.08726847,0.28558463,0.07563051,-0.19231172,-0.10577672,0.023853777,0.45231837,-0.24917799,-0.40617418,0.4473388,0.37607634,-0.41979095,-0.011783687,0.23415938,0.35468414,0.029922253,-0.2721604,-0.01981325,0.027896412,0.07141245,0.05369481,0.04844148,-0.39630124,0.10672733,-0.059839595,-0.31127784,-0.39693567,-0.10031213,0.47178355,-0.15176791,0.035700124,-0.2536819,0.007618133,-0.25013477,0.60522115,-0.3319843,0.271359,-0.5025073
erysipelothrix,0.298623,0.10684133,-0.06838855,0.19180559,0.1429025,-0.1457603,0.2686185,-0.016448863,0.066978134,-0.06971429,0.008329175,-0.0100194,-0.0072395555,-0.023170656,-0.05837596,-0.02384376,-0.006611158,0.2706523,0.047257844,-0.007145224,0.08966079,0.25341398,0.2156701,0.02320135,0.120498665,-0.0040043625,0.0043140613,0.18711463,0.10052549,0.09702491,0.01489459,0.20538092,-0.029267311,-0.11229328,-0.03348597,0.205469,-0.11897482,-0.39218763,-0.062959306,-0.008147992,-0.12771894,-0.034810178,-0.04217478,0.09464714,-0.10876303,-0.09070936,0.0072985347,0.061042823,-0.0016403433,0.0939133,-0.049908504,0.020457454,0.04102953,-0.024536276,0.017140938,0.0037106532,-0.06384836,0.005109113,-0.04938558,0.103949085,-0.005683911,-0.27041653,-0.0031155255,0.10395651
escherichia,0.69563997,0.17934333,-0.14956862,-0.07413959,0.005007864,-0.3075519,-0.16093016,-0.20138188,0.014697856,-0.5372792,0.39830905,0.19922009,0.292229,-0.11921366,0.22374651,0.30132875,-0.12330962,0.2516851,0.003514831,0.33600917,-0.1357469,0.77000445,0.064862244,0.07055726,0.25289252,0.00024681204,0.08263294,0.29381287,0.08638299,-0.17029126,-0.10576817,0.051666148,0.4231195,-0.27454835,-0.4064876,0.44867304,0.4064054,-0.42335984,0.01525862,0.2482985,0.37464345,0.044385064,-0.27173573,-0.00369228,0.062446933,0.08382007,0.069558926,0.052187566,-0.39386535,0.13938151,-0.038951505,-0.2961648,-0.37265447,-0.07944593,0.4582086,-0.14624588,0.057285216,-0.2681798,0.029354062,-0.22034417,0.5855985,-0.31748617,0.28205216,-0.50338584
eubacterium,0.2902178,0.069220625,-0.055017285,0.23865053,0.15148453,-0.15094386,0.18569705,-0.033208508,0.025475923,-0.07559474,0.05017461,-0.0010414282,-0.036019366,-0.041458327,-0.053354174,-0.054928463,-0.037488323,0.23935959,0.0980108,-0.018959625,0.08165508,0.22903201,0.16345969,0.010412524,0.12844741,-0.03957549,-0.0164384,0.16885556,0.07239239,0.18352683,-0.028749887,0.23821235,-0.017417315,-0.0786416,-0.02453263,0.16707155,-0.100237414,-0.39419124,-0.09792994,-0.01901574,-0.14048545,-0.024697045,-0.019320417,0.13641022,-0.1100354,-0.09239293,-0.014433257,0.014708583,0.03587451,0.028258841,-0.086450174,-0.020682082,0.043550093,-0.011282517,-0.020575546,0.033573378,-0.08051765,-0.029455848,-0.050276123,0.049758054,0.051399946,-0.28340274,-0.031980507,0.11119395
faecalibacterium,0.31590098,0.062019836,-0.02131424,0.070350684,0.12545477,-0.098990865,0.33577603,-0.0126615465,0.24221392,-0.09890646,0.038676403,0.0929258,-0.016204929,-0.04933658,-0.039886236,-0.015582545,0.035953615,0.13807659,-0.023734327,-0.13493654,-0.008795261,0.36732122,0.20115414,0.06218325,0.15800896,0.14926411,0.15018947,0.05486909,0.05898195,-0.0075996118,0.15851678,0.12330767,0.18279557,-0.027385803,-0.1469906,0.32433075,-0.014464635,-0.5105884,-0.05114505,0.008438677,0.018088399,-0.02664697,-0.2995946,0.12997751,0.0030257371,-0.15253755,-0.061403442,0.13205051,-0.023387019,0.118736126,-0.1128819,-0.06898067,-0.116420716,-0.11727833,0.088349335,0.019504648,-0.26181036,0.021218203,0.003321033,0.20616782,0.08051031,-0.4872783,0.027575731,0.027012022
fusobacterium,0.31820518,0.09692177,0.0054517444,0.075123034,0.113402255,-0.12643184,0.21606767,-0.061092924,0.18541925,-0.15777455,0.07219621,0.13581511,0.073902346,-0.11441852,-0.023920551,0.05799482,0.004233892,0.015313809,0.0058129774,-0.13856035,-0.0035393578,0.41446966,0.22414127,0.016931776,0.16038427,0.17864029,0.11722743,0.043255605,0.027198177,-0.04824304,0.121290244,0.08222622,0.26144713,-0.077058926,-0.13096882,0.3294657,0.041243948,-0.45538712,-0.060075704,0.05826837,0.13233057,0.0426752,-0.3080917,0.15030776,0.047017768,-0.12262258,-0.11730713,0.16087599,-0.0853606,0.12885363,-0.11110314,-0.1276573,-0.1055276,-0.09013468,0.1247276,-0.014856081,-0.2051324,0.06645647,0.06183856,0.12956999,0.122367166,-0.456722,0.028928153,-0.09715997
hafnia,0.7283066,0.18646125,-0.12114812,-0.058809917,0.026244208,-0.3103136,-0.14663273,-0.21240038,0.0012308052,-0.5484091,0.41934147,0.18363446,0.25733697,-0.12637582,0.21581346,0.2925265,-0.10515368,0.24829337,0.00063533057,0.29999924,-0.11510843,0.78287333,0.09737424,0.09719394,0.26602295,-0.000498708,0.0693877,0.306888,0.059824117,-0.19333318,-0.11670789,0.03274071,0.44555536,-0.2502832,-0.4089241,0.4636379,0.41228306,-0.4177136,0.0079077985,0.23049918,0.35135075,0.0425734,-0.26603723,-0.011894224,0.061538737,0.07094699,0.052005064,0.047576882,-0.3934459,0.09133367,-0.08868038,-0.30595303,-0.38257197,-0.082666576,0.46634516,-0.13977298,0.058309194,-0.23987181,0.008138489,-0.21401578,0.6043095,-0.29401973,0.2876388,-0.4977794
lactococcus,0.22387804,0.07339322,-0.0010811037,0.15449491,0.11097053,-0.07116465,0.2728297,-0.058133412,0.08049529,-0.030013578,0.016834028,0.030004835,-0.048191924,0.0026981356,-0.03250333,-0.009050859,-0.019876523,0.2865388,0.032622926,0.004649909,0.07650945,0.24383499,0.1610507,-0.013773066,0.17854635,0.02511729,0.054074604,0.15771364,0.13701484,0.08706032,0.018322937,0.19835232,-0.11162867,-0.18010648,-0.034291632,0.121585146,-0.14246011,-0.365138,-0.046275895,-0.023525972,-0.17442335,-0.005721386,-0.017065931,0.07675408,-0.056281354,-0.08764033,-0.01650596,0.03826815,0.025925593,0.09328755,0.0344318,0.016592361,0.0008503725,-0.07041232,0.047062516,-0.07844245,-0.05951979,0.0025091567,-0.10711008,0.02602521,-0.027054686,-0.26235327,0.017714728,0.13068871
mannheimia,0.5266578,0.16647889,-0.043687373,-0.02462123,-0.002612508,-0.29254836,-0.10053423,-0.11522988,0.05976955,-0.42818826,0.2676285,0.19242506,0.20041014,-0.14411671,0.1719149,0.24759929,-0.08236482,0.18461068,-0.029422592,0.19826083,-0.18708389,0.6380227,0.017688733,-0.016991634,0.16765197,-0.04327781,0.074168734,0.16542108,0.07755227,-0.12563625,-0.019348292,0.021478178,0.40644446,-0.16564475,-0.31122288,0.37171277,0.34957272,-0.30350322,-0.04824153,0.19753692,0.36650574,0.05202781,-0.28546935,0.025696984,0.042742085,0.06197105,0.035854664,0.06220921,-0.33868718,0.16182746,-0.053982172,-0.2707358,-0.37264705,-0.07019654,0.35231102,-0.09455525,0.0056934617,-0.18792015,0.056975823,-0.18449172,0.5063085,-0.29602876,0.19973888,-0.48507074
pantoea,0.71534,0.1867858,-0.10645299,-0.061533418,0.038468443,-0.32952386,-0.17088291,-0.20504968,0.021509252,-0.5546443,0.4038324,0.17997998,0.25852945,-0.14006686,0.20998424,0.29865623,-0.11826572,0.26059064,0.012748455,0.29616958,-0.13166395,0.792888,0.059681933,0.09090471,0.24976023,-0.018184375,0.08235291,0.28717148,0.023599245,-0.16033457,-0.11385452,0.03248528,0.4587531,-0.25014094,-0.4120057,0.45160204,0.4063272,-0.42664307,-0.0007178002,0.2472148,0.3658537,0.02634961,-0.2801962,0.0075241593,0.053736713,0.07206946,0.04681247,0.04456466,-0.3959423,0.096116275,-0.08700733,-0.3160911,-0.37870726,-0.07524201,0.4440941,-0.1486037,0.04305504,-0.24644196,0.014539484,-0.23338507,0.6096568,-0.32640785,0.2752527,-0.51164114
pasteurella,0.5341183,0.18690382,-0.030035188,-0.02297853,0.0076754848,-0.27263546,-0.11791696,-0.12868936,0.0724928,-0.4365664,0.29254937,0.19062765,0.2063419,-0.14265387,0.15587968,0.24870111,-0.08578558,0.17862342,-0.029668983,0.18850031,-0.19355987,0.6479287,0.039811917,-0.0058569415,0.17952402,-0.039584946,0.068903215,0.16917138,0.09370189,-0.12846184,-0.022100898,0.030188365,0.39452273,-0.16598982,-0.31244993,0.36165112,0.35853592,-0.28390414,-0.059585903,0.20726484,0.38054317,0.048166763,-0.28632462,0.023861028,0.037711762,0.05240343,0.017723393,0.077529155,-0.3373242,0.17060342,-0.07804832,-0.2770626,-0.36362913,-0.074410364,0.3477179,-0.10460011,0.013213869,-0.2026206,0.05034542,-0.18461373,0.50260603,-0.27528167,0.19773915,-0.5021013
pectobacterium,0.6724186,0.18176363,-0.12926309,-0.069139086,0.01643075,-0.33176306,-0.1594496,-0.19700038,0.008459627,-0.5443451,0.3854736,0.20225123,0.25238216,-0.13048469,0.23757833,0.29640478,-0.12107844,0.26615483,0.013576184,0.3050884,-0.124641664,0.76788896,0.06285333,0.08342358,0.23579554,-0.015589427,0.07888164,0.29056224,0.048865117,-0.16850586,-0.113721885,0.0398405,0.4404465,-0.24102628,-0.41725996,0.44303754,0.4018085,-0.40011644,0.0004050954,0.23430587,0.34924895,0.037135504,-0.26615766,-0.007052723,0.058460124,0.071577355,0.07556319,0.0374022,-0.4052574,0.10714796,-0.059762638,-0.2865672,-0.37217107,-0.07058443,0.45313352,-0.13287319,0.054826017,-0.250536,0.022362571,-0.2262277,0.58401483,-0.3096337,0.28972688,-0.49522802
peptostreptococcus,0.27446035,0.103834875,-0.03878836,0.17595631,0.11762413,-0.10472559,0.28332958,-0.038984254,0.09864809,-0.01762489,-0.011456698,-0.0010964321,-0.0354811,0.0018110083,-0.07503853,-0.056188095,-0.022993872,0.2761467,0.055167984,-0.011729924,0.06321083,0.24061973,0.17831478,0.02052902,0.15165384,0.014539126,0.025471617,0.16821003,0.14726084,0.06523249,0.051332224,0.19918945,-0.04379873,-0.10047582,-0.0040322975,0.1811164,-0.10968509,-0.4193561,-0.083172545,-0.026989272,-0.16588567,-0.042227853,-0.089573495,0.11916752,-0.11956614,-0.07378809,-0.023041196,0.004090638,0.037238643,0.05194744,-0.022152377,0.008946389,-0.025658213,-0.039929327,-0.018677117,0.004292331,-0.102965996,0.004504508,-0.11759862,0.06268318,0.023812074,-0.33033052,-0.046139035,0.15106013
porphyromonas,0.3079174,-0.012486805,0.04303532,0.09720451,0.13165748,-0.032284245,0.24713594,-0.008811098,0.22496821,-0.09098393,0.09260339,0.09745985,0.04603433,-0.11017396,-0.024244182,-0.010804871,-0.05318569,-0.04910812,-0.041834164,-0.15357997,-0.018634763,0.40455645,0.14215025,-0.06461543,0.09835643,0.12422257,0.052492004,-0.049860843,0.093325205,0.011533028,0.12389777,0.10294882,0.24495396,-0.0028773125,-0.08622165,0.32343036,-0.07074389,-0.48123807,-0.06950953,0.054589633,0.050206844,0.011556631,-0.32466277,0.16600353,0.023697037,-0.10584432,-0.21065578,0.19799641,-0.030709913,0.120634116,-0.06289347,-0.12867615,-0.04398782,-0.076924086,0.17197834,-0.0024586883,-0.22265278,0.13665685,0.07807927,0.21957152,0.06073263,-0.54302835,-0.0336005,0.035114218
salmonella,0.7087902,0.17690949,-0.12718207,-0.057676192,0.006774337,-0.33435962,-0.15115803,-0.21035095,0.02949489,-0.54796034,0.4195001,0.21540661,0.2632813,-0.14623629,0.22488967,0.28651568,-0.10669705,0.2728622,4.2994507e-05,0.29246652,-0.118114986,0.7905691,0.08630577,0.088906586,0.2531028,-0.0062555033,0.08209238,0.3067671,0.07155723,-0.18777494,-0.10150527,0.051030364,0.45198113,-0.23036218,-0.41375265,0.45141125,0.41885045,-0.39681983,-0.0045311786,0.22690377,0.34791943,0.04821928,-0.29215047,-0.008447459,0.047482044,0.08040701,0.07073232,0.04555705,-0.40784788,0.12283765,-0.08321383,-0.31405863,-0.38217148,-0.07728897,0.46540073,-0.14674218,0.052591827,-0.26499122,0.016908575,-0.22540508,0.5880935,-0.31326926,0.29970834,-0.53073597
serratia,0.6969389,0.1744867,-0.11231695,-0.054447193,0.025987439,-0.32152978,-0.16608074,-0.20781592,0.007820676,-0.5409952,0.4023414,0.19159615,0.25662482,-0.13048296,0.22381872,0.28105438,-0.10835875,0.25133035,0.020525504,0.2985094,-0.10341202,0.76985985,0.082233496,0.08577312,0.24278839,0.008932415,0.085020535,0.31168056,0.056098364,-0.18117552,-0.1102019,0.037538975,0.4514826,-0.25110692,-0.40401217,0.44590074,0.3968712,-0.42281568,0.0035900753,0.23550077,0.35518208,0.056379825,-0.2744197,0.0035617803,0.049528535,0.06782357,0.049682703,0.04136234,-0.40280423,0.12089899,-0.053346258,-0.29947773,-0.3810276,-0.09633395,0.44091603,-0.14582635,0.04146355,-0.23791948,0.020567227,-0.2285107,0.6009301,-0.32320458,0.29323542,-0.50925285
shigella,0.7115669,0.19652487,-0.114296235,-0.056796562,0.031056732,-0.32684457,-0.17764688,-0.2075719,0.010870031,-0.5513784,0.41784438,0.19488347,0.27706668,-0.11798958,0.21739721,0.30227497,-0.097862035,0.26288563,0.009546627,0.29681516,-0.10606885,0.8036045,0.06738542,0.08817434,0.2598758,-0.014602404,0.06511837,0.27685726,0.058076642,-0.15493752,-0.121736564,0.03686857,0.4510018,-0.25111094,-0.42551288,0.4819342,0.37694535,-0.40503463,-0.030079432,0.241099,0.3584138,0.027724354,-0.24101093,-0.00781272,0.03662659,0.047579404,0.08261676,0.04438037,-0.36635306,0.08248344,-0.095788814,-0.29706773,-0.3851465,-0.086132675,0.462608,-0.1422262,0.059579354,-0.2726762,0.010857899,-0.23413578,0.60215133,-0.3196499,0.27705708,-0.48549274
tenericutes,0.39859888,0.06699108,-0.054670755,0.01553854,0.117656976,-0.16707678,0.11173665,-0.09222601,0.08153777,-0.2480035,0.1651046,0.13412935,0.04272491,-0.14111675,0.041628405,0.13094655,0.006283369,0.128951,0.002171372,0.021023082,-0.036304697,0.45282775,0.1332751,0.055050094,0.13287286,0.1276326,0.09259051,0.16225523,0.044889875,-0.056793466,0.06224842,0.05666846,0.30244315,-0.05014865,-0.19187823,0.32375848,0.10570949,-0.42655373,-0.032745432,0.09506188,0.09590915,0.00029691536,-0.2578276,0.113017306,-0.004906663,-0.06274391,-0.047933415,0.11051048,-0.089458145,0.065363705,-0.14319052,-0.21534799,-0.18936616,-0.13386494,0.21153517,-0.06960917,-0.09971602,-0.058136694,0.018418346,0.019407049,0.27295318,-0.43077204,0.103845194,-0.18132362
veillonella,0.23185202,0.06457802,-0.020809988,0.056720976,0.11943723,-0.054995514,0.28378215,0.037130494,0.19490722,-0.052765377,0.003768228,0.066641465,-0.023563733,-0.04860594,-0.052529797,-0.010549663,0.035452146,0.16144876,-0.0067791743,-0.09495362,-0.016874101,0.31233472,0.19980665,0.04414875,0.12181396,0.13254575,0.11161946,0.05684646,0.0559926,-0.04303592,0.15247689,0.10020797,0.10950066,-0.048825983,-0.12633865,0.2835616,-0.0022480357,-0.40881598,-0.041596156,0.047670446,0.033558127,-0.00864595,-0.2584192,0.09419845,0.01207175,-0.1336224,-0.06222565,0.12348781,-0.032821562,0.12136134,-0.09527103,-0.04119122,-0.08843466,-0.101966634,0.07022507,-0.0053595384,-0.19893338,0.048076972,0.0042777695,0.1961027,0.056156937,-0.39222866,0.025826514,-0.0025383546
verrucomicrobia,0.40368265,0.07913106,-0.009732364,-0.0032358165,0.10998138,-0.15834358,0.08237044,-0.10957533,0.08897164,-0.27389836,0.23441009,0.12356374,0.09402478,-0.15745667,0.04640731,0.13307507,-0.0063534733,0.12715475,-0.024084177,0.023683952,-0.05598532,0.47538954,0.13535012,0.047515724,0.15796755,0.13467126,0.09661305,0.16874829,0.040293045,-0.08985598,0.041435856,0.03492886,0.31664556,-0.06366528,-0.2506957,0.33691907,0.13049087,-0.37523678,-0.07705571,0.12100521,0.13718985,0.03113454,-0.26987454,0.124114744,0.0059265983,-0.06628754,-0.03226512,0.0861728,-0.10271232,0.097714394,-0.14720018,-0.18603195,-0.19513875,-0.113660865,0.22203098,-0.07782757,-0.08141476,-0.051929288,0.0033966042,-0.007255673,0.26776004,-0.40687376,0.123171605,-0.25460532
vibrio,0.5440882,0.15338476,-0.039338395,-0.038957436,0.036503807,-0.2718275,-0.109437354,-0.14639336,0.028103817,-0.41504624,0.2999883,0.15364178,0.21655628,-0.08997097,0.15292186,0.24480842,-0.06838552,0.18734051,0.005557318,0.19698364,-0.12109933,0.5881605,0.051934753,0.036309477,0.20614202,-0.013597127,0.056258086,0.18052979,0.040754773,-0.12411816,-0.07772633,0.0069844904,0.35614312,-0.15876958,-0.31392887,0.35715145,0.2750301,-0.31999,-0.025792222,0.17474952,0.28512502,0.048394006,-0.22426508,0.039180286,0.055142283,0.056517534,0.017421786,0.049191434,-0.27345377,0.113103226,-0.07755335,-0.26304957,-0.32026345,-0.04659924,0.34373495,-0.07923285,0.055997197,-0.17220171,0.03980441,-0.1786011,0.46578622,-0.26447853,0.20321676,-0.37313193
yersinia,0.7136199,0.18100855,-0.1095533,-0.07084663,0.03015069,-0.3341344,-0.18048751,-0.21686828,0.013911295,-0.55281544,0.41242743,0.19907266,0.24083023,-0.12818778,0.21279043,0.3017956,-0.10924074,0.28452793,0.025896508,0.29534358,-0.11847811,0.78604764,0.072263606,0.093659595,0.24663155,0.012266133,0.09769948,0.31347626,0.06973115,-0.17540415,-0.10532863,0.05432228,0.4561489,-0.2465697,-0.4240434,0.44979027,0.40149194,-0.4096097,-0.005841654,0.2399802,0.36273798,0.05761965,-0.28180024,0.011637054,0.05351886,0.070558876,0.07125905,0.057997864,-0.39170897,0.11542766,-0.056556556,-0.32531682,-0.38614282,-0.09999293,0.46491897,-0.15984382,0.051635083,-0.24746758,0.011270527,-0.23606615,0.62962526,-0.3162145,0.28495532,-0.5365404
enterobacter aerogenes,0.5898992,0.14200331,-0.09428566,-0.060217712,0.0009381705,-0.24770653,-0.13011408,-0.1549072,0.02417519,-0.4411952,0.33343232,0.16638122,0.22962604,-0.12059263,0.21119195,0.26465777,-0.08772318,0.20932369,-0.008002038,0.23826614,-0.1026519,0.6745617,0.04221615,0.05280382,0.20859808,-0.009512138,0.07786468,0.25793988,0.040821843,-0.15669857,-0.09670942,0.032077286,0.38795114,-0.22480184,-0.36213246,0.4059895,0.339625,-0.3768382,0.011565413,0.20405948,0.27550337,0.022593824,-0.24484144,-0.02950985,0.05164831,0.07362741,0.06611267,0.043418508,-0.3707102,0.10047123,-0.07030935,-0.23623338,-0.30522296,-0.07508913,0.40421656,-0.11152173,0.0013711564,-0.22776638,0.0073794685,-0.19010024,0.4826241,-0.2769471,0.26502728,-0.40682897
gammaproteobacteria,0.77010953,0.22893538,-0.07049684,-0.046099477,0.011908316,-0.37771505,-0.18843299,-0.21173604,0.046692148,-0.61381185,0.45884317,0.2432732,0.29765096,-0.14302239,0.2091068,0.29769897,-0.10720736,0.2771686,0.011252929,0.30378348,-0.14650775,0.87268883,0.115802854,0.06464188,0.2918083,0.005839531,0.09514651,0.28973758,0.122430526,-0.19518495,-0.108972795,0.023601169,0.49158454,-0.2578151,-0.43284014,0.5031889,0.43187147,-0.4074268,-0.036612127,0.27124786,0.449681,0.08823734,-0.34675932,0.022994429,0.06373822,0.07787219,0.05178326,0.09434932,-0.4235133,0.17525159,-0.08353349,-0.3531556,-0.43701902,-0.07825133,0.498672,-0.143105,0.025754835,-0.27375594,0.017924223,-0.2896326,0.6734085,-0.33646688,0.3375035,-0.6089532
klebsiella pneumoniae,0.6099105,0.1476668,-0.11052681,-0.062046316,0.02794166,-0.26176876,-0.15008545,-0.16079104,0.017295051,-0.49052012,0.3515098,0.17870104,0.21734269,-0.10719654,0.17774567,0.22843017,-0.071637146,0.20494287,0.021428872,0.23451906,-0.05914328,0.66838115,0.050295148,0.07058165,0.22020285,0.014988262,0.059441652,0.26770094,0.03392016,-0.12614891,-0.09773528,0.028817581,0.3853854,-0.22036588,-0.34717467,0.3853536,0.32291296,-0.35722333,0.0028833868,0.20547135,0.30282608,0.024630109,-0.21664806,-0.031838447,0.02952962,0.05103842,0.05851159,0.052881103,-0.31986707,0.09448537,-0.072403684,-0.2661398,-0.3141315,-0.09696025,0.40816095,-0.13334803,0.026439931,-0.24079798,0.02720574,-0.19468363,0.48072404,-0.26174155,0.23754771,-0.41814443
shigella dysenteriae,0.5884204,0.17803375,-0.10860677,-0.025276676,0.046199366,-0.2671826,-0.14555654,-0.15693055,-0.0054198215,-0.44138798,0.3419423,0.16650918,0.20638373,-0.09231767,0.17667869,0.24730153,-0.067820534,0.21834579,0.013220807,0.23099253,-0.08945037,0.64215,0.05576382,0.057650033,0.20851661,-0.01941448,0.047379564,0.22270134,0.038109593,-0.11668023,-0.09862067,0.041658748,0.3810139,-0.20334157,-0.3564736,0.3942364,0.27472997,-0.3249896,-0.052910518,0.1937456,0.28189734,0.0245066,-0.17860009,0.0064405245,0.042444177,0.011624362,0.079372965,0.035387356,-0.27711695,0.06162018,-0.095977515,-0.2447126,-0.31100526,-0.07795447,0.37721714,-0.09387306,0.06583282,-0.2246185,0.0076467134,-0.1904513,0.49842256,-0.26429072,0.22094844,-0.37132165
faecalibacterium prausnitzii,0.26429412,0.037187513,-0.01853452,0.057748843,0.10579993,-0.10176535,0.2882127,0.0018610242,0.22065394,-0.083752744,0.033098727,0.08593893,-0.021560041,-0.018949365,-0.029354215,-0.017429834,0.028290113,0.12519398,-0.017968584,-0.11186166,-0.015188929,0.31318122,0.17279005,0.04583082,0.14702876,0.13318117,0.1360065,0.040989835,0.06729559,0.0065280376,0.13679413,0.0954389,0.14596842,-0.02661868,-0.11987452,0.26916736,-0.012046933,-0.43038106,-0.051596176,0.0016405452,0.029419554,-0.010997942,-0.25063226,0.11838567,0.0033735004,-0.14471635,-0.06245115,0.10565678,-0.005620341,0.092721745,-0.093888685,-0.057481326,-0.13075085,-0.11174449,0.051037136,0.018004704,-0.2160299,0.01850348,-0.0043540597,0.16330211,0.05654758,-0.41694602,0.034384474,0.023589717
burkholderia,0.2569992,0.08803414,0.03551279,0.007998304,0.05693599,-0.12775803,-0.0680692,-0.07053214,0.034461305,-0.17954792,0.1617643,0.14085808,0.073201716,-0.09534745,-0.03732886,0.061367415,-0.008146646,-0.00606534,0.0045237215,-0.043873295,-0.11196377,0.36370742,0.069917224,-0.021992262,0.11610714,0.040818267,0.058283333,0.10627029,0.055831395,-0.038012266,-0.06208809,-0.046419512,0.22198176,-0.067578085,-0.16443704,0.25042608,0.16443907,-0.17921905,-0.061528575,0.12257418,0.14955795,-0.022476086,-0.22226033,0.04302848,0.008376175,-0.031419348,-0.082852736,0.08877598,-0.13418813,0.06431894,-0.106227666,-0.19282675,-0.062141266,-0.058644406,0.16351172,-0.030441537,-0.07663064,-0.059187364,0.0190274,-0.08886199,0.18113413,-0.2218471,0.09067539,-0.15956613
pseudomonas,0.38561624,0.10514786,-0.01766741,-0.009314571,0.022520773,-0.1965267,-0.1004579,-0.12254221,0.060907666,-0.2633879,0.25719944,0.122777164,0.1917909,-0.05503055,0.08449206,0.13466299,-0.040865403,0.07832434,0.0052141445,0.100182556,-0.104375824,0.45884284,0.078402616,0.020822145,0.19500768,0.013149884,0.07239422,0.12380199,0.09759725,-0.11419839,-0.07947071,-0.05458824,0.2596199,-0.14902277,-0.24195881,0.2863986,0.22396426,-0.23457488,-0.05299927,0.14279693,0.25030673,0.009148629,-0.23665863,0.037588973,0.03918359,0.033080067,-0.020181838,0.10326444,-0.17783432,0.07851642,-0.055952277,-0.19777124,-0.17499128,-0.057812303,0.24162112,-0.06437165,-0.015203569,-0.11498767,-0.04230906,-0.18538651,0.32732528,-0.18787675,0.17577012,-0.30779353
coxiellaceae,0.51510346,0.15135023,-0.0077937897,-0.016195443,0.034540668,-0.25869244,-0.14082763,-0.13858992,0.070643455,-0.37450072,0.32608005,0.14692304,0.22499633,-0.10905405,0.08382932,0.17325273,-0.06088281,0.1341419,0.008372058,0.14158142,-0.1318008,0.58890754,0.09932578,0.042218972,0.2247385,0.024735156,0.057933148,0.20394261,0.10893172,-0.124204986,-0.12316292,-0.054021455,0.32046342,-0.17931369,-0.2996001,0.36188874,0.2774833,-0.26879415,-0.073518455,0.20093563,0.28877163,0.03443608,-0.31282428,0.033926573,0.07249434,0.058010798,-0.013126217,0.08602661,-0.2285107,0.07842041,-0.1120797,-0.25758174,-0.21355565,-0.07599524,0.31725582,-0.077006035,-0.009612013,-0.15443291,-0.029281147,-0.21707492,0.42134264,-0.265292,0.22865689,-0.39985928
lysobacter,0.39761624,0.12459736,-0.035195805,0.014463972,0.029224541,-0.22065946,-0.09194732,-0.10892993,0.031173136,-0.2983363,0.24845552,0.16488405,0.14753519,-0.08051891,0.082988426,0.12418834,-0.034914322,0.1297241,0.034129884,0.11902121,-0.14045724,0.44510412,0.08558362,0.006596176,0.18925752,0.010016415,0.053604294,0.15099284,0.103183635,-0.086736456,-0.09358748,-0.03258288,0.24178344,-0.13487162,-0.23513043,0.28656924,0.24810286,-0.20748332,-0.059437085,0.15848471,0.25012267,0.02955803,-0.24383152,0.040443253,0.056760915,0.031951543,-0.03326298,0.060587473,-0.20627187,0.08371955,-0.09072823,-0.21240036,-0.17427057,-0.029926347,0.23782675,-0.046715863,0.00011078641,-0.13556232,-0.013647854,-0.16198803,0.30987275,-0.19610125,0.16534849,-0.295844
streptococcus mitis,0.19942237,0.06804883,-0.010236764,0.10108413,0.122910015,-0.054527756,0.26163775,-0.009917814,0.12116357,0.012862423,-0.02449733,0.014603893,-0.028873643,0.014023249,-0.059712876,-0.029763939,-0.0035017135,0.24807444,0.0013743071,-0.035123236,0.047754515,0.21485439,0.16827644,0.029638633,0.16857852,0.047406267,0.074719034,0.13208891,0.08304199,0.009916442,0.073191345,0.16355294,-0.050184406,-0.15779409,-0.046335474,0.119315095,-0.079392195,-0.30663484,-0.038146894,-0.022451347,-0.11551563,-0.021344477,-0.07269853,0.029165879,-0.078376,-0.08323057,-0.034666613,0.0401518,0.03419512,0.059020482,0.05787189,0.044586785,-0.06370914,-0.06273876,0.03833008,-0.064577684,-0.1046844,0.0019910713,-0.09032337,0.045636892,-0.023002923,-0.2581558,0.055412345,0.09532594
xanthomonas,0.40462342,0.13140802,-0.0447815,0.006257717,0.033823863,-0.21958238,-0.10039318,-0.12289179,0.0449189,-0.30961624,0.2465888,0.17962182,0.14129926,-0.08832596,0.07784047,0.112429954,-0.048798706,0.12593408,0.02968603,0.12803817,-0.1448581,0.46315694,0.086836696,0.026240159,0.17697571,0.019676458,0.045315932,0.17098469,0.101257585,-0.09460255,-0.07181612,-0.02327142,0.2361561,-0.1242459,-0.23754707,0.29107243,0.26242828,-0.22218987,-0.06607358,0.1690492,0.26187432,0.020953843,-0.25694433,0.032694343,0.06121335,0.021228861,-0.017016556,0.03600513,-0.21968816,0.07235804,-0.08762401,-0.19488463,-0.1891292,-0.024778487,0.22771004,-0.035015646,-0.009250741,-0.13489336,-0.014878821,-0.17183858,0.3301704,-0.2307351,0.17094178,-0.31585166
bilophila,0.33315626,0.103237614,0.043883678,0.037252095,0.12494745,-0.059451483,0.08420988,-0.07038232,0.13614142,-0.17450808,0.15050794,0.07919926,0.060458142,-0.12478142,-0.038027972,0.10954638,-0.026414635,-0.009833469,-0.03280391,-0.0775478,-0.040031385,0.42246118,0.15607417,-0.014185923,0.1243018,0.12364985,0.09886373,0.037871644,0.042613156,-0.05115722,0.061404552,0.038349733,0.28838706,-0.10166196,-0.15810835,0.3112334,0.09392984,-0.36041367,-0.029382654,0.1183863,0.14290376,0.016687619,-0.30719706,0.1434333,0.087469414,-0.10117992,-0.11292923,0.16531911,-0.10205489,0.11962311,-0.14734586,-0.14679419,-0.12764579,-0.1182873,0.18684432,-0.04296452,-0.18490481,0.021210495,0.06869538,0.048199803,0.1890162,-0.36785626,0.08825169,-0.19085275
enterococcus faecalis,0.18305005,0.058257535,-0.024420595,0.120147906,0.078588,-0.035015862,0.12215441,-0.008338293,0.0033837268,-0.07115074,0.04355969,0.008209414,-0.0026930175,-0.04773394,-0.055588495,-0.02458031,-0.03331861,0.15860063,0.052424718,0.038652413,0.01907558,0.1607751,0.11615206,-0.013019864,0.07906392,0.009354215,-0.017196527,0.14891244,0.086145654,0.09343006,-0.0036287508,0.12361158,-0.025500556,-0.096405074,-0.035785187,0.12168263,-0.049977228,-0.21969007,-0.032844633,0.0055570863,-0.09544789,-0.022135444,-0.03863855,0.07140334,-0.035936564,-0.028240956,0.015538845,0.033825167,-0.0051202094,0.053739432,-0.029422581,0.01033533,0.022330973,-0.031540316,0.036072474,-0.033922862,-0.048441578,-0.036171287,-0.05110693,0.020200921,0.010624579,-0.15844221,0.016290464,0.045859497
haemophilus parainfluenzae,0.4784633,0.16727772,-0.00029747025,-0.060813423,0.04815843,-0.23077461,-0.13862953,-0.09931532,0.064342394,-0.39714298,0.23539329,0.1510739,0.17900474,-0.12588905,0.11060872,0.22263785,-0.07715888,0.15862973,-0.023264643,0.1364201,-0.1356331,0.5682408,-0.0023631277,-0.008268555,0.1604373,-0.011883568,0.050491888,0.12933107,0.055385545,-0.11976969,-0.019456761,0.03214579,0.3489461,-0.13639918,-0.27602744,0.31254464,0.28206655,-0.27965808,-0.046042036,0.19008428,0.3467029,0.048852198,-0.2660042,0.003988389,0.037620615,0.045611437,0.011717435,0.06301102,-0.26291615,0.11977726,-0.06880397,-0.2593249,-0.3332746,-0.056063786,0.30814457,-0.10262179,-0.009620953,-0.17260888,0.063756004,-0.19162516,0.4685191,-0.29067773,0.15409519,-0.4501668
lactobacillus salivarius,0.19972993,0.11104713,-0.05909487,0.14248273,0.08197097,-0.087196104,0.15339252,-0.024023348,0.07219506,-0.09169936,0.01775378,-0.018490309,0.032387365,-0.015257147,-0.0141634345,0.01662649,-0.031292647,0.19117233,0.05045086,0.00775622,0.07675114,0.1816909,0.10674188,-0.006778651,0.11300389,0.01714116,0.025042953,0.14091708,0.1309678,0.10787343,-0.012332471,0.17836267,-0.07665022,-0.12124226,-0.052148413,0.115218624,-0.09040354,-0.31324401,-0.09419495,0.0019046087,-0.099366024,-0.04054065,-0.04869164,0.03266465,-0.071819,-0.09195468,0.0136486795,0.038125288,0.028020756,0.093703486,-0.01970934,-0.013676479,0.023585351,-0.07219916,-0.002056822,-0.016031167,-0.042423666,-0.09059081,-0.040123947,0.06594118,-0.01366567,-0.21388157,-0.0061882343,0.092110835
pasteurellaceae,0.7114607,0.22444509,-0.06496331,-0.0635246,0.01929877,-0.38115442,-0.17342925,-0.17250171,0.0811643,-0.60622096,0.38063163,0.23233554,0.27788752,-0.17672208,0.21848655,0.34249952,-0.1279249,0.25894296,-0.023585062,0.27738607,-0.21884258,0.8468821,0.035239216,0.012288108,0.24392302,-0.017115321,0.09005066,0.24266165,0.0801936,-0.18775156,-0.0414132,0.040957242,0.50945014,-0.22134441,-0.42694396,0.47034597,0.46979028,-0.40025452,-0.067677096,0.27398664,0.4880752,0.07967836,-0.36000422,0.023560824,0.06365783,0.07604017,0.058527276,0.08008499,-0.43445003,0.20545074,-0.08798033,-0.3622712,-0.48098385,-0.08466156,0.4621413,-0.14365055,0.046995413,-0.26364928,0.06706685,-0.25768545,0.6854545,-0.36635122,0.26433176,-0.65541685
ruminococcus,0.26669827,0.08259544,-0.04391034,0.18436053,0.12173299,-0.10462244,0.2737863,-0.03718694,0.076235965,-0.02665999,0.0018540099,-0.014332362,-0.038956415,0.0043359245,-0.06446915,-0.04504048,-0.011931998,0.2478384,0.05928717,-0.010573035,0.05876411,0.23518541,0.17984541,0.013822525,0.13462472,0.015721146,0.017805569,0.15234172,0.12618889,0.05826535,0.04729801,0.19112867,-0.030676212,-0.0928567,-0.0115566235,0.17280848,-0.08825338,-0.38798812,-0.08432896,-0.015613884,-0.1518625,-0.038862314,-0.07952691,0.11427932,-0.10201722,-0.061087254,-0.018573001,0.0085082175,0.027481003,0.040979996,-0.04122592,0.011584513,-0.01793648,-0.04616795,-0.019518713,-0.0022547473,-0.090488374,0.00049306126,-0.10580413,0.0560186,0.041055627,-0.2963709,-0.05142296,0.14525336
streptococcaceae,0.3008978,0.09506542,0.0049124453,0.17967884,0.14085498,-0.08407758,0.33659843,-0.05572764,0.09562054,-0.039621964,0.017875403,0.026304694,-0.033752035,-0.0006274503,-0.07252633,-0.015788725,-0.02321014,0.34886146,0.038793627,0.0016164723,0.097329795,0.28743732,0.20477617,-0.020021793,0.2272312,0.04548225,0.052792657,0.20290147,0.18437697,0.09160622,0.029810987,0.24196666,-0.11497399,-0.23197673,-0.043028034,0.1570725,-0.14901356,-0.4466511,-0.05167892,-0.027341466,-0.19684742,-0.008422511,-0.011901587,0.0885261,-0.064469025,-0.10842545,-0.011572462,0.031870697,0.037324175,0.101540074,0.038841724,0.056345277,-0.006644323,-0.07476465,0.038793612,-0.084652446,-0.09452742,0.0031533618,-0.13254732,0.019859545,-0.02377322,-0.32253808,0.038850408,0.16372041
streptococcus anginosus,0.20045294,0.060576823,0.010365212,0.109615535,0.09557492,-0.08720471,0.2634209,-0.037631,0.1071393,-0.024892345,0.005809009,0.01816362,-0.034612384,0.025811587,-0.06843716,-0.0075468174,0.021144213,0.2550048,0.02886663,-0.024044903,0.0731574,0.21383268,0.15787065,-0.002464925,0.16879311,0.05182866,0.046827834,0.14982189,0.14364508,0.07446819,0.014524015,0.15989225,-0.07920283,-0.15567167,-0.011818545,0.11017641,-0.07485965,-0.28898,-0.04459838,-0.025806302,-0.12675337,-0.03911114,-0.042209815,0.06238763,-0.059859168,-0.09991965,-0.024845233,0.022046704,0.020803904,0.092821755,0.044128444,0.048917755,-0.021932887,-0.06451488,0.020241613,-0.050638985,-0.08741219,-0.004791956,-0.096248984,0.012054079,-0.058429383,-0.24014811,0.048160277,0.122836486
streptococcus salivarius,0.1970634,0.04546075,0.014304997,0.13130862,0.1269437,-0.069604725,0.24070776,-0.030732293,0.077440836,-0.027514042,0.03192909,0.015014927,-0.029128844,-0.008967469,-0.07717896,-0.036200356,-0.01810738,0.24341665,0.042485293,0.022257412,0.05520949,0.23880242,0.16382319,-0.009567575,0.16091807,0.055658102,0.041166816,0.16639668,0.11266164,0.08052666,0.057790328,0.1662449,-0.09891424,-0.15987754,-0.0418245,0.13019675,-0.106731504,-0.31079185,-0.029280774,-0.026352245,-0.13032277,-0.00095424574,-0.025772635,0.083156765,-0.072393104,-0.09518883,-0.017297512,0.034950744,0.014744121,0.08728751,0.049007557,0.03314364,-0.011974968,-0.049711257,0.05003094,-0.06318692,-0.07990089,0.01788947,-0.07680848,0.032607596,-0.011360423,-0.2368849,0.050736617,0.089128755
veillonellaceae,0.3109803,0.08815602,-0.03252377,0.07198078,0.12312054,-0.07525184,0.35498458,0.017597158,0.2370909,-0.1094195,0.01884877,0.062146883,0.0073998594,-0.07811535,-0.06916828,-0.009454532,0.044045046,0.1942975,-0.005571897,-0.11089715,-0.0010985885,0.37719122,0.2497274,0.063422784,0.15440623,0.17293872,0.12349715,0.0888506,0.0629703,-0.039000876,0.16083692,0.13170756,0.14314218,-0.05123483,-0.15960047,0.36559394,0.0022444427,-0.5128317,-0.048355337,0.055026624,0.036862325,-0.019344585,-0.32470873,0.12137093,0.0067183883,-0.15413556,-0.053414255,0.13800362,-0.039232943,0.14871567,-0.12307541,-0.046913683,-0.09097,-0.11990523,0.09727374,0.0058623697,-0.2435787,0.044126272,4.8089772e-05,0.25238386,0.078386016,-0.48301446,0.029362433,0.02039074
alcaligenaceae,0.2703835,0.06564679,0.04735843,0.026709888,0.07813987,-0.1425533,-0.10192555,-0.07334408,0.05294215,-0.20023493,0.19604573,0.17512108,0.0771261,-0.11166347,-0.03143562,0.07654675,-0.033833962,-0.013103223,0.037334513,-0.05591,-0.12277407,0.3894298,0.05491746,-0.03444237,0.14136343,0.057544366,0.041481897,0.097486824,0.072228976,-0.04126833,-0.066692956,-0.058934495,0.23411687,-0.04415669,-0.19904847,0.2635482,0.19082674,-0.18723369,-0.09203313,0.13158089,0.13136305,-0.010175394,-0.2500271,0.017814321,0.046460535,-0.0077289077,-0.09747936,0.09983619,-0.13569035,0.046965722,-0.12765567,-0.204603,-0.05773749,-0.07052681,0.18463074,-0.039667916,-0.072962955,-0.07726518,0.0066458806,-0.10438351,0.19750175,-0.24541572,0.09238447,-0.1801464
oxalobacter formigenes,0.323899,0.08295409,0.09654558,0.0657123,0.13854462,-0.060130432,0.004864499,-0.053737465,0.14004989,-0.14895904,0.1852778,0.13631602,0.06700028,-0.14316963,-0.05495944,0.07077434,-0.034188796,-0.040548556,-0.024002377,-0.092658274,-0.07564483,0.46188357,0.10586719,-0.046480767,0.1712334,0.1229836,0.07732451,0.01641508,0.057504978,-0.04079277,-0.019199777,-0.017475886,0.28440943,-0.09631135,-0.17566016,0.30354702,0.124497905,-0.27726224,-0.083492264,0.10799231,0.13409112,0.00069247413,-0.31284657,0.10814564,0.10038938,-0.10229233,-0.17688125,0.18193857,-0.08561431,0.09147991,-0.1662604,-0.17847696,-0.09857911,-0.14164373,0.20199394,-0.063763395,-0.18983242,-0.028266743,0.035103675,0.021795496,0.1623932,-0.31197596,0.08446283,-0.21603389
fusobacterium nucleatum,0.26315603,0.079293765,0.0099262465,0.05511512,0.09070876,-0.118152365,0.19053084,-0.046137717,0.15569283,-0.14567485,0.049689747,0.11769405,0.059784837,-0.092183195,-0.0146752745,0.053074535,0.0025243287,0.017193535,0.009360534,-0.11613335,-0.001312055,0.34137952,0.18589859,0.004391975,0.12663253,0.1480458,0.09321825,0.04227618,0.02437067,-0.042149685,0.09332229,0.051532295,0.20619363,-0.06303237,-0.11004013,0.29251266,0.04317987,-0.37427956,-0.05181934,0.053687643,0.112970196,0.038900863,-0.24847081,0.11911617,0.059175495,-0.10661511,-0.09796458,0.13633066,-0.0780919,0.110581994,-0.088372536,-0.11319179,-0.10377714,-0.073554575,0.11294029,-0.009169675,-0.15895838,0.0646641,0.06909074,0.10325024,0.103721544,-0.36858323,0.024133787,-0.075602144
escherichia coli,0.56770897,0.14411138,-0.13704075,-0.05476122,-0.00057507225,-0.22661798,-0.11627899,-0.14837578,0.018081523,-0.4244319,0.33036605,0.17239933,0.26681465,-0.09561848,0.19669294,0.23281941,-0.11105557,0.19686504,0.008153995,0.28554007,-0.112849936,0.61940116,0.05638523,0.055533715,0.20881136,0.003189851,0.08172172,0.24910542,0.09031605,-0.14053589,-0.08797568,0.054930013,0.33496836,-0.23370299,-0.32994822,0.37125516,0.32719862,-0.36491567,0.011502348,0.19961539,0.29470077,0.039838035,-0.22550172,-0.005213942,0.054761667,0.062233973,0.06602012,0.05117784,-0.3218995,0.13450831,-0.026026187,-0.22615312,-0.2918352,-0.06983782,0.3770549,-0.100779295,0.049899247,-0.23071206,0.02157588,-0.17084555,0.4646675,-0.2654146,0.24232051,-0.39079383
actinomyces,0.2231219,0.066251695,-0.033139233,0.2088097,0.11603834,-0.10223217,0.08446937,-0.055471238,0.015812825,-0.08126322,0.064632036,-0.041818023,-0.005362773,-0.11229586,-0.042236824,-0.050122734,-0.081704944,0.1842084,0.0573006,-0.00826058,0.06799964,0.21440312,0.14141208,0.006861142,0.10015716,-0.08825665,-0.02092327,0.18418793,0.04685598,0.18480848,-0.07466968,0.24980092,-0.012803952,-0.14805548,-0.015833544,0.10649907,-0.09081295,-0.3600843,-0.0737842,-0.018661892,-0.10407721,-0.029092552,0.023411173,0.08800004,-0.09923078,-0.06352762,-0.014599916,-0.03890024,0.03192292,0.01583884,-0.034421124,-0.02228649,0.012407782,-0.023982115,-0.028499734,-0.025613017,-0.0415662,-0.02127136,-0.0049908273,0.00091907626,0.021099377,-0.24180312,-0.009054534,0.020044401
porphyromonas gingivalis,0.2658354,-0.027242426,0.048077285,0.090207495,0.12112644,-0.021257581,0.20056477,0.003525918,0.18906645,-0.05859325,0.095369026,0.080707274,0.04219886,-0.094047226,-0.010586118,-0.018256767,-0.0595711,-0.058311127,-0.030928027,-0.13096899,-0.015530523,0.35046977,0.111223705,-0.065279156,0.0744739,0.091373324,0.0409473,-0.047309116,0.08861136,0.032351926,0.11019185,0.09416834,0.20345524,-0.013323317,-0.06998684,0.2821765,-0.087625116,-0.40210748,-0.05341952,0.038851693,0.034903307,0.016606543,-0.24879485,0.1380725,0.011373361,-0.08789025,-0.17940685,0.18111017,-0.023432862,0.093643725,-0.04696259,-0.112010896,-0.02776261,-0.070269756,0.15614301,-0.021433715,-0.18454319,0.12298059,0.068688855,0.18583022,0.043684505,-0.4622341,-0.026691027,0.034068342
selenomonas,0.25487524,0.07061838,-0.018019803,0.07581508,0.09607291,-0.07116845,0.27846888,0.0023884322,0.18950318,-0.09148473,0.024887826,0.030176574,0.008017489,-0.061330073,-0.057498764,0.00016475702,0.038961526,0.16198581,-0.0010921946,-0.07819427,0.009329811,0.31712878,0.20216814,0.040953625,0.14674753,0.14598496,0.08894761,0.07518463,0.050918233,-0.04433734,0.11706971,0.09946672,0.10107322,-0.04862641,-0.12951064,0.30140227,0.016819756,-0.40185,-0.047746036,0.05052429,0.021660533,-0.0070458963,-0.27067655,0.121589825,0.0067929863,-0.13114227,-0.043103915,0.08657675,-0.031337127,0.11793017,-0.1340946,-0.039187748,-0.08116394,-0.10106424,0.07497818,0.026851323,-0.17882325,0.05668637,-0.0053266366,0.19711636,0.060776126,-0.36171818,0.0073371977,0.01789494
treponema,0.27710876,0.065438084,0.03156339,0.068363644,0.12018156,-0.057364345,0.13302046,-0.0308031,0.16464204,-0.10278458,0.0868205,0.08371918,0.025126789,-0.07975973,-0.042753734,0.01997051,0.021414878,0.038883843,-0.0038930392,-0.13703118,0.009807311,0.3610831,0.15230523,0.0031791984,0.13338308,0.14004348,0.08156251,0.03952296,0.0031414528,-0.0074237445,0.10009996,0.07096583,0.22732581,-0.06170493,-0.11162266,0.23144864,0.011180826,-0.36546633,-0.06544512,0.04866285,0.104921676,0.003272653,-0.26427686,0.118463755,0.020338768,-0.09565659,-0.11564488,0.111292355,-0.029901043,0.07985034,-0.10216946,-0.110424794,-0.09593833,-0.10037722,0.10076725,-0.015208155,-0.20656565,0.025212642,0.041268326,0.11612439,0.09119757,-0.37007326,0.04838679,-0.10953564
clostridium perfringens,0.28866634,0.06518193,-0.089683324,0.17065652,0.13664415,-0.15303911,0.21288165,-0.003611621,0.043137908,-0.050690018,0.039887697,-0.0027464116,-0.029183786,-0.058419682,-0.041789956,-0.029373728,-0.039582666,0.19944906,0.07574596,-0.028358154,0.043542027,0.19530274,0.1568615,-0.01739933,0.10865815,-0.026996788,-0.002275543,0.13824034,0.096570484,0.10595582,0.0420885,0.20304155,0.025462694,-0.06373278,-0.039750494,0.16770793,-0.07787645,-0.38880137,-0.06424852,-0.009811927,-0.11978059,-0.029915465,-0.06332814,0.09429624,-0.057970803,-0.053547166,0.0014267733,0.046787184,-0.007942599,0.061287817,-0.08212193,-0.020900996,0.018779613,-0.00016227504,0.040028196,-0.01546414,-0.081719145,-0.018235333,-0.039310884,0.060105685,0.04693921,-0.25373727,-0.0582072,0.08498256
mycoplasma hyorhinis,0.17193966,0.03282848,-0.059403323,0.078739665,0.08507536,-0.10991429,0.0607226,-0.041012153,0.029525377,-0.09445629,0.05314715,0.06929768,-0.02248902,-0.012314285,0.035496395,0.05379737,0.0054920306,0.086808056,0.036028292,-0.017513601,-0.0050672223,0.20154963,0.05472125,0.016571626,0.06429093,0.015289357,0.038830675,0.078409426,0.037565183,0.046120092,0.00255073,0.07110911,0.08148725,-0.035626996,-0.043858685,0.1120192,0.02942682,-0.20842859,-0.04908118,0.011726003,-0.0025442175,-0.025014127,-0.05173384,0.02310829,-0.026882378,-0.04363863,-0.0048106015,0.047950245,-0.016849782,0.0022063206,-0.091167,-0.09627789,-0.042441327,-0.070939966,0.043754604,0.00467232,-0.005077244,-0.0604433,-0.0032029971,-0.016391475,0.08311781,-0.16650356,0.009761816,0.00018708594
