db00022,nm_007360.4
db00022,nm_003955.4
db00022,nm_001009984.2
db00022,nm_001185059.2
db00022,nm_024514.4
db00022,nm_001078174.1
db00022,nm_001017534.2
db00022,nm_000600.5
db00022,nm_001223.5
db00022,nm_001037631.3
db00022,nm_001270927.2
db00022,nm_001243211.2
db00022,nm_021798.4
db00022,nm_001291695.1
db00022,nm_001289160.1
db00022,nm_001045.6
db00022,nm_001032409.3
db00022,nm_001261825.1
db00022,nm_001242758.1
db00022,nm_005514.8
db00022,nm_001243042.1
db00022,nm_001242524.2
db00022,nm_001565.4
db00022,nm_000376.3
db00022,nm_004212.4
db00022,nm_001346897.2
db01175,nm_001202855.3
db00736,nm_001202855.3
db01072,nm_001202855.3
db00377,nm_001202855.3
db00349,nm_001202855.3
db01098,nm_001202855.3
db00530,nm_001202855.3
db01259,nm_001202855.3
db06209,nm_001202855.3
db04946,nm_001202855.3
db01268,nm_001202855.3
db01254,nm_001202855.3
db01264,nm_001202855.3
db00243,nm_001202855.3
db01036,nm_001202855.3
db00947,nm_001202855.3
db01024,nm_001202855.3
db00185,nm_001202855.3
db04835,nm_001202855.3
db01409,nm_001202855.3
db00496,nm_001202855.3
db01544,nm_001202855.3
db13132,nm_001202855.3
db06697,nm_001202855.3
db06708,nm_001202855.3
db13851,nm_001202855.3
db06589,nm_001202855.3
db08875,nm_001202855.3
db08865,nm_001202855.3
db08881,nm_001202855.3
db08873,nm_001202855.3
db08870,nm_001202855.3
db08820,nm_001202855.3
db04868,nm_001202855.3
db05039,nm_001202855.3
db05521,nm_001202855.3
db06684,nm_001202855.3
db06702,nm_001202855.3
db05773,nm_001202855.3
db05015,nm_001202855.3
db08901,nm_001202855.3
db06210,nm_001202855.3
db05351,nm_001202855.3
db06616,nm_001202855.3
db08912,nm_001202855.3
db08827,nm_001202855.3
db08896,nm_001202855.3
db08911,nm_001202855.3
db06290,nm_001202855.3
db09068,nm_001202855.3
db08877,nm_001202855.3
db08899,nm_001202855.3
db05812,nm_001202855.3
db09039,nm_001202855.3
db09063,nm_001202855.3
db09102,nm_001202855.3
db04908,nm_001202855.3
db11730,nm_001202855.3
db11581,nm_001202855.3
db06218,nm_001202855.3
db11363,nm_001202855.3
db09128,nm_001202855.3
db14185,nm_001202855.3
db12332,nm_001202855.3
db12267,nm_001202855.3
db12161,nm_001202855.3
db06595,nm_001202855.3
db11915,nm_001202855.3
db00404,nm_001202855.3
db01217,nm_001202855.3
db00201,nm_001202855.3
db00482,nm_001202855.3
db01211,nm_001202855.3
db01242,nm_001202855.3
db00363,nm_001202855.3
db00318,nm_001202855.3
db01151,nm_001202855.3
db00829,nm_001202855.3
db01142,nm_001202855.3
db00470,nm_001202855.3
db00199,nm_001202855.3
db00472,nm_001202855.3
db00588,nm_001202855.3
db01095,nm_001202855.3
db00176,nm_001202855.3
db01050,nm_001202855.3
db01181,nm_001202855.3
db00458,nm_001202855.3
db00224,nm_001202855.3
db00555,nm_001202855.3
db01006,nm_001202855.3
db00678,nm_001202855.3
db00227,nm_001202855.3
db00745,nm_001202855.3
db00731,nm_001202855.3
db01149,nm_001202855.3
db00334,nm_001202855.3
db00338,nm_001202855.3
db00904,nm_001202855.3
db00842,nm_001202855.3
db00776,nm_001202855.3
db00715,nm_001202855.3
db00252,nm_001202855.3
db00794,nm_001202855.3
db01182,nm_001202855.3
db00908,nm_001202855.3
db00468,nm_001202855.3
db00912,nm_001202855.3
db01045,nm_001202855.3
db00203,nm_001202855.3
db00708,nm_001202855.3
db00706,nm_001202855.3
db00231,nm_001202855.3
db00277,nm_001202855.3
db00193,nm_001202855.3
db00897,nm_001202855.3
db00313,nm_001202855.3
db00285,nm_001202855.3
db00398,nm_001202855.3
db01590,nm_001243084.1
db06626,nm_001243084.1
db06589,nm_001243084.1
db00398,nm_001243084.1
db12332,nm_001099646.2
db00619,nm_001347827.2
db06589,nm_001347827.2
db06595,nm_001347827.2
db00773,nm_000777.5
db00773,nm_006446.5
db00773,nm_000561.4
db00773,nm_000962.4
db00773,nm_000386.4
db00773,nm_001080463.2
db00773,nm_000963.4
db00773,nm_000903.3
db00773,nm_001004426.2
db00773,nm_001067.4
db00773,nm_001071.4
db00773,nm_003061.3
db00773,nm_001068.3
db00773,nm_001144070.2
db00773,nm_003889.3
db00773,nm_001130145.3
db00331,nm_001040661.2
db00331,nm_000458.4
db00331,nm_000525.3
db00331,nm_021251.3
db00331,nm_033225.6
db00331,nm_001001928.3
db00331,nm_001330615.1
db00331,nm_001144829.2
db00331,nm_000576.3
db00331,nm_001204197.1
db00331,nm_001143805.1
db00331,nm_021977.4
db00331,nm_006252.4
db00331,nm_006253.5
db00331,nm_005399.5
db00331,nm_001206709.2
db00331,nm_001040633.1
db00331,nm_017431.3
db00331,nm_015629.4
db00331,nm_000340.2
db00331,nm_003889.3
db00331,nm_001304803.1
db00331,nm_025243.4
db00331,nm_001127445.1
db00715,nm_000754.3
db00715,nm_000777.5
db00715,nm_005669.5
db00715,nm_001113498.2
db00715,nm_001124.3
db00715,nm_000761.5
db00715,nm_000796.5
db00715,nm_000514.4
db00715,nm_000863.2
db00715,nm_000872.5
db00715,nm_001204193.1
db00559,nm_003889.3
db01043,nm_003889.3
db13179,nm_003889.3
db01098,nm_003889.3
db02587,nm_003889.3
db01268,nm_003889.3
db04930,nm_003889.3
db00417,nm_003889.3
db00618,nm_003889.3
db01127,nm_003889.3
db00263,nm_003889.3
db00833,nm_003889.3
db00485,nm_003889.3
db00307,nm_003889.3
db00239,nm_003889.3
db00294,nm_003889.3
db00301,nm_003889.3
db01201,nm_003889.3
db01323,nm_003889.3
db13132,nm_003889.3
db06589,nm_003889.3
db01060,nm_003889.3
db00415,nm_003889.3
db01076,nm_003889.3
db01222,nm_003889.3
db00958,nm_003889.3
db01140,nm_003889.3
db01112,nm_003889.3
db00567,nm_003889.3
db01333,nm_003889.3
db00477,nm_003889.3
db00515,nm_003889.3
db01190,nm_003889.3
db00257,nm_003889.3
db00091,nm_003889.3
db01234,nm_003889.3
db00255,nm_003889.3
db01248,nm_003889.3
db00997,nm_003889.3
db00254,nm_003889.3
db00199,nm_003889.3
db00499,nm_003889.3
db01095,nm_003889.3
db01016,nm_003889.3
db00400,nm_003889.3
db00741,nm_003889.3
db01181,nm_003889.3
db00951,nm_003889.3
db00270,nm_003889.3
db00448,nm_003889.3
db00227,nm_003889.3
db00333,nm_003889.3
db00563,nm_003889.3
db01011,nm_003889.3
db01110,nm_003889.3
db01017,nm_003889.3
db00745,nm_003889.3
db00607,nm_003889.3
db00622,nm_003889.3
db01115,nm_003889.3
db00338,nm_003889.3
db01229,nm_003889.3
db01174,nm_003889.3
db00812,nm_003889.3
db00252,nm_003889.3
db01132,nm_003889.3
db00396,nm_003889.3
db00912,nm_003889.3
db00206,nm_003889.3
db00615,nm_003889.3
db01045,nm_003889.3
db00412,nm_003889.3
db01232,nm_003889.3
db00641,nm_003889.3
db00877,nm_003889.3
db00421,nm_003889.3
db01582,nm_003889.3
db01138,nm_003889.3
db00675,nm_003889.3
db00857,nm_003889.3
db00759,nm_003889.3
db00273,nm_003889.3
db00197,nm_003889.3
db00313,nm_003889.3
db00570,nm_003889.3
db00541,nm_003889.3
db00968,nm_000754.3
db00376,nm_000754.3
db00494,nm_000754.3
db00245,nm_000754.3
db01156,nm_000754.3
db00176,nm_000754.3
db01914,nm_000754.3
db00502,nm_000754.3
db00745,nm_000754.3
db00184,nm_000754.3
db00368,nm_000754.3
db00334,nm_000754.3
db00497,nm_000754.3
db00571,nm_000754.3
db01224,nm_000754.3
db00899,nm_000754.3
db01104,nm_000754.3
db00708,nm_000754.3
db00669,nm_000754.3
db00323,nm_000754.3
db00313,nm_000754.3
db01452,nm_000754.3
db00201,nm_000762.6
db00201,nm_000770.3
db00201,nm_000771.4
db00201,nm_000795.4
db00201,nm_000069.3
db08816,nm_001082.5
db00945,nm_001082.5
db00898,nm_000673.4
db01236,nm_000773.4
db01236,nm_000069.3
db00471,nm_000698.5
db00744,nm_000698.5
db00184,nm_001282692.1
db00334,nm_001282692.1
db00675,nm_001282692.1
db06210,nm_000769.4
db06210,nm_000770.3
db06210,nm_000771.4
db06210,nm_006446.5
db06210,nm_000130.4
db06210,nm_000761.5
db06210,nm_000488.3
db06210,nm_001074.4
db06210,nm_019093.2
db06210,nm_007120.3
db06210,nm_001072.4
db06210,nm_001076.4
db06210,nm_001257386.2
db06210,nm_021027.3
db06210,nm_000463.2
db01008,nm_001144070.2
db00531,nm_001144070.2
db00987,nm_001144070.2
db00997,nm_001144070.2
db00709,nm_001144070.2
db00295,nm_001144070.2
db00541,nm_001144070.2
db06409,nm_001144070.2
db00586,nm_000392.5
db00586,nm_000771.4
db00586,nm_001311193.2
db00586,nm_000775.4
db00586,nm_001330615.1
db00586,nm_000963.4
db00586,nm_002660.3
db00586,nm_001074.4
db00586,nm_001270949.1
db00993,nm_000561.4
db00290,nm_000561.4
db01008,nm_000561.4
db00363,nm_000561.4
db00531,nm_000561.4
db00987,nm_000561.4
db00851,nm_000561.4
db00997,nm_000561.4
db01229,nm_000561.4
db01015,nm_000561.4
db00440,nm_000561.4
db00570,nm_000561.4
db00530,nm_000777.5
db00530,nm_000927.4
db00530,nm_000761.5
db00530,nm_001005862.2
db00530,nm_001005915.1
db00530,nm_001042599.1
db00530,nm_005921.2
db00530,nm_000245.4
db00530,nm_001257386.2
db00530,nm_000463.2
db00530,nm_001346897.2
db01229,nm_000392.5
db01229,nm_173481.4
db01229,nm_006446.5
db01229,nm_001080448.3
db01229,nm_001304480.1
db01229,nm_001069.3
db01229,nm_001080394.4
db01229,nm_001078174.1
db01229,nm_004996.4
db01229,nm_001076552.2
db01229,nm_001308152.2
db01229,nm_001236.4
db01229,nm_000103.4
db01229,nm_001271534.3
db01229,nm_001276336.1
db01229,nm_001281765.2
db01229,nm_001256295.2
db01229,nm_001136219.2
db01229,nm_002028.4
db01229,nm_017412.4
db01229,nm_005921.2
db01229,nm_001354689.2
db01229,nm_001349920.2
db01229,nm_000636.4
db01229,nm_001013836.2
db01229,nm_033034.3
db01229,nm_001317799.2
db01229,nm_145702.3
db01229,nm_001257386.2
db01229,nm_001346897.2
db01151,nm_000106.6
db01151,nm_000927.4
db01151,nm_000761.5
db01151,nm_002386.3
db01151,nm_001043.3
db01151,nm_001143805.1
db00999,nm_030768.3
db00333,nm_001146312.2
db00333,nm_000176.3
db00333,nm_001080.3
db00333,nm_000909.6
db00333,nm_001308176.2
db00333,nm_001882.4
db00333,nm_004075.5
db00333,nm_002240.5
db00333,nm_001045.6
db00333,nm_001317091.1
db00333,nm_001007097.3
db00333,nm_000941.3
db00333,nm_002986.3
db01373,nm_000540.2
db01373,nm_000376.3
db00150,nm_003058.4
db00642,nm_003878.3
db00422,nm_003878.3
db00790,nm_000789.4
db00790,nm_001301188.1
db00790,nm_000685.4
db00790,nm_000710.4
db00264,nm_001135057.3
db00264,nm_000789.4
db00264,nm_001135731.2
db00264,nm_001318467.2
db00264,nm_001001928.3
db00264,nm_000683.4
db01076,nm_001003679.3
db00641,nm_001003679.3
db00313,nm_001003679.3
db00440,nm_018242.3
db00440,nm_003058.4
db06626,nm_019075.2
db04854,nm_019075.2
db00316,nm_019075.2
db00437,nm_019075.2
db00762,nm_019075.2
db01221,nm_019075.2
db00295,nm_019075.2
db00904,nm_019075.2
db00776,nm_019075.2
db00370,nm_173353.4
db12147,nm_000771.4
db12147,nm_000141.4
db12147,nm_000142.4
db00580,nm_000963.4
db00526,nm_000963.4
db04743,nm_000963.4
db01283,nm_000963.4
db01628,nm_000963.4
db00335,nm_000963.4
db01101,nm_000963.4
db00749,nm_000963.4
db01050,nm_000963.4
db00328,nm_000963.4
db00814,nm_000963.4
db00788,nm_000963.4
db00533,nm_000963.4
db05039,nm_000463.2
db00471,nm_000895.3
db00588,nm_000777.5
db00588,nm_001322284.1
db00588,nm_001300980.1
db00588,nm_001082533.1
db00588,nm_000591.4
db00588,nm_001320801.1
db00588,nm_138426.4
db00394,nm_001322284.1
db01029,nm_000384.3
db00811,nm_001223.5
db08881,nm_001354609.2
db08912,nm_001354609.2
db08911,nm_001354609.2
db11689,nm_001354609.2
db05239,nm_001354609.2
db11967,nm_001354609.2
db11718,nm_001354609.2
db00398,nm_001354609.2
db00650,nm_000392.5
db00650,nm_024091.4
db00650,nm_001166049.2
db00650,nm_001130107.1
db00650,nm_000179.2
db00650,nm_004996.4
db00650,nm_004915.3
db00650,nm_000603.5
db00650,nm_001897.5
db00650,nm_001002295.2
db00650,nm_001364440.2
db00650,nm_001205206.3
db00650,nm_001355016.2
db00650,nm_006788.4
db00650,nm_001195303.3
db00650,nm_000450.2
db00650,nm_001281786.1
db00650,nm_000373.4
db00650,nm_001100118.2
db00650,nm_001257386.2
db00650,nm_001023587.3
db00650,nm_001346897.2
db01174,nm_000499.5
db01174,nm_001040142.2
db01174,nm_001072.4
db01174,nm_001076.4
db01174,nm_021027.3
db00244,nm_000662.8
db00352,nm_000662.8
db08875,nm_000323.2
db05294,nm_000323.2
db11363,nm_000323.2
db00398,nm_000323.2
db08875,nm_001330264.1
db01356,nm_006078.4
db00325,nm_000789.4
db00344,nm_000106.6
db00908,nm_000106.6
db00908,nm_001201474.1
db00908,nm_000219.6
db00908,nm_000927.4
db00334,nm_000025.3
db00642,nm_000791.4
db00091,nm_000791.4
db00737,nm_000106.6
db00412,nm_000771.4
db00412,nm_006446.5
db00989,nm_000746.6
db00989,nm_005400.3
db00989,nm_000041.4
db08911,nm_000770.3
db08911,nm_000402.4
db08911,nm_001130442.2
db08911,nm_001369786.1
db08911,nm_002755.3
db08911,nm_030662.3
db08911,nm_002524.5
db00502,nm_001013703.4
db00334,nm_001013703.4
db01224,nm_001013703.4
db00734,nm_001013703.4
db00246,nm_001013703.4
db00698,nm_000402.4
db08916,nm_001002294.3
db08916,nm_000927.4
db08916,nm_001257386.2
db00907,nm_001044.5
db04854,nm_019078.1
db00316,nm_019078.1
db00437,nm_019078.1
db01221,nm_019078.1
db00295,nm_019078.1
db00904,nm_019078.1
db00313,nm_019078.1
db01175,nm_005308.3
db00215,nm_005308.3
db00999,nm_005308.3
db00519,nm_005308.3
db00661,nm_005308.3
db01274,nm_000769.4
db01274,nm_000106.6
db01274,nm_000463.2
db00008,nm_001078174.1
db00993,nm_001078174.1
db01033,nm_001078174.1
db00563,nm_001078174.1
db00811,nm_001078174.1
db00432,nm_001078174.1
db08816,nm_001080471.1
db00945,nm_001080471.1
db00531,nm_000569.7
db00997,nm_000569.7
db00860,nm_000569.7
db00541,nm_000569.7
db01197,nm_000789.4
db01197,nm_000685.4
db00335,nm_001291866.2
db11995,nm_000506.4
db11995,nm_000130.4
db11995,nm_000312.3
db11995,nm_000313.3
db11995,nm_000488.3
db01235,nm_000787.4
db01235,nm_001330358.1
db01235,nm_000795.4
db01235,nm_000796.5
db01235,nm_001044.5
db01235,nm_003057.3
db00008,nm_001243211.2
db00811,nm_001243211.2
db11581,nm_001037738.3
db06595,nm_001037738.3
db11581,nm_004119.2
db06595,nm_004119.2
db12141,nm_004119.2
db00398,nm_004119.2
db06819,nm_000531.6
db00313,nm_000531.6
db04835,nm_000579.3
db09256,nm_000373.4
db00704,nm_000911.4
db00997,nm_004551.3
db04844,nm_000927.4
db01067,nm_000771.4
db01067,nm_000402.4
db01251,nm_000771.4
db14487,nm_001172811.2
db00675,nm_001362950.1
db01042,nm_001297590.2
db01042,nm_000927.4
db01042,nm_001037631.3
db01042,nm_003486.7
db00709,nm_000392.5
db00709,nm_000788.3
db00709,nm_001136140.2
db00709,nm_000269.2
db00709,nm_001018137.3
db00709,nm_020244.3
db00709,nm_001252377.1
db00709,nm_021977.4
db00709,nm_001312673.2
db00709,nm_001184917.3
db00709,nm_000291.4
db00709,nm_005514.8
db00709,nm_001257386.2
db00709,nm_001105515.3
db09074,nm_007294.3
db11793,nm_007294.3
db12332,nm_007294.3
db11760,nm_007294.3
db00675,nm_007294.3
db00563,nm_001114396.2
db13132,nm_000762.6
db13132,nm_000767.5
db00945,nm_000660.7
db00762,nm_000660.7
db00783,nm_001145412.3
db00783,nm_001098725.2
db00688,nm_000882.4
db00281,nm_000335.4
db13919,nm_001330345.2
db00999,nm_001330345.2
db00988,nm_000679.4
db00668,nm_000679.4
db01064,nm_000679.4
db00723,nm_000679.4
db00368,nm_000679.4
db00388,nm_000679.4
db08827,nm_000384.3
db01039,nm_000384.3
db07615,nm_001276326.2
db12319,nm_001276326.2
db00056,nm_001276326.2
db00987,nm_001276326.2
db01073,nm_001276326.2
db01177,nm_001276326.2
db00328,nm_001276326.2
db00678,nm_001276326.2
db01032,nm_001276326.2
db00936,nm_001276326.2
db01138,nm_001276326.2
db00605,nm_001002294.3
db00469,nm_000771.4
db01645,nm_000492.3
db01032,nm_000927.4
db01032,nm_004256.4
db01032,nm_001307985.2
db01032,nm_004790.5
db12319,nm_000771.4
db12319,nm_001001290.1
db12319,nm_004790.5
db00887,nm_000789.4
db00887,nm_001297571.2
db00887,nm_001039.4
db00887,nm_001119.5
db00887,nm_000339.3
db00887,nm_001098486.2
db00999,nm_001297419.1
db00242,nm_001033.5
db00242,nm_001034.4
db00242,nm_032526.2
db00242,nm_001172477.1
db00335,nm_001318467.2
db00999,nm_001318467.2
db00476,nm_001135659.2
db00184,nm_001135659.2
db09026,nm_000537.4
db06510,nm_000537.4
db00999,nm_000537.4
db13323,nm_005514.8
db01241,nm_000789.4
db01101,nm_016280.1
db00758,nm_016280.1
db01175,nm_001002912.5
db08839,nm_001002912.5
db00215,nm_001002912.5
db01261,nm_002062.5
db01276,nm_002062.5
db04876,nm_002062.5
db06655,nm_002062.5
db00363,nm_002062.5
db00334,nm_002062.5
db00059,nm_001002295.2
db00531,nm_001002295.2
db00987,nm_001002295.2
db00694,nm_001002295.2
db01234,nm_001002295.2
db00997,nm_001002295.2
db01033,nm_001002295.2
db00563,nm_001002295.2
db00635,nm_001002295.2
db00352,nm_001002295.2
db00541,nm_001002295.2
db00682,nm_001284342.3
db00694,nm_001818.4
db00008,nm_001565.4
db00675,nm_001237.5
db00947,nm_001145966.2
db06218,nm_000769.4
db06218,nm_000771.4
db06218,nm_001197293.3
db05575,nm_001159920.2
db05575,nm_002253.3
db01024,nm_000194.3
db00398,nm_001292039.2
db01340,nm_000789.4
db00059,nm_001719.3
db00531,nm_001719.3
db00987,nm_001719.3
db00694,nm_001719.3
db01234,nm_001719.3
db00997,nm_001719.3
db00563,nm_001719.3
db00635,nm_001719.3
db00352,nm_001719.3
db00541,nm_001719.3
db04854,nm_001159.4
db04854,nm_019093.2
db04854,nm_007120.3
db04854,nm_001072.4
db04854,nm_019077.2
db04854,nm_019076.4
db04854,nm_000379.4
db04854,nm_021027.3
db04854,nm_000463.2
db11629,nm_001130101.3
db00335,nm_001130101.3
db00627,nm_001130101.3
db00661,nm_001130101.3
db01118,nm_000219.6
db00489,nm_000219.6
db00482,nm_001005407.1
db00694,nm_005691.3
db00997,nm_005691.3
db00471,nm_005691.3
db12257,nm_021141.4
db01041,nm_021141.4
db00268,nm_000795.4
db01005,nm_005923.4
db01098,nm_001166598.2
db01076,nm_001166598.2
db00227,nm_001166598.2
db00641,nm_001166598.2
db01232,nm_000927.4
db06288,nm_001322902.1
db01406,nm_000775.4
db00637,nm_000927.4
db00637,nm_000775.4
db00622,nm_000927.4
db00248,nm_000795.4
db00734,nm_001143828.2
db00970,nm_001330358.1
db00970,nm_000254.2
db00437,nm_001303052.2
db00437,nm_000297.4
db12257,nm_006516.3
db00396,nm_000777.5
db00396,nm_000927.4
db01392,nm_000106.6
db01392,nm_000681.4
db01392,nm_000682.7
db01392,nm_000683.4
db06191,nm_000927.4
db00499,nm_000402.4
db01015,nm_001197115.2
db12401,nm_000927.4
db12401,nm_000795.4
db01267,nm_001142545.2
db01267,nm_001083585.3
db01267,nm_001145795.1
db01267,nm_000927.4
db01267,nm_001042599.1
db01267,nm_005912.3
db00367,nm_000767.5
db00531,nm_001168298.2
db01101,nm_001131007.2
db00544,nm_001277226.2
db00490,nm_000106.6
db00490,nm_000777.5
db00563,nm_002439.5
db06589,nm_000410.3
db01592,nm_000410.3
db03128,nm_000789.4
db00437,nm_021643.3
db01238,nm_001145795.1
db06288,nm_001145795.1
db00363,nm_001145795.1
db01356,nm_001145795.1
db00370,nm_001145795.1
db00334,nm_001145795.1
db01224,nm_001145795.1
db00734,nm_001145795.1
db00313,nm_001145795.1
db00437,nm_004557.4
db00215,nm_001127395.3
db01156,nm_001319071.2
db14713,nm_000371.3
db00958,nm_003958.4
db01248,nm_003958.4
db00672,nm_000402.4
db00114,nm_000773.4
db01222,nm_138426.4
db00180,nm_138426.4
db00716,nm_138426.4
db00620,nm_138426.4
db01072,nm_020777.3
db01356,nm_001122646.3
db00024,nm_000145.3
db00734,nm_001305134.1
db00850,nm_001037802.1
db00958,nm_001276336.1
db00958,nm_145702.3
db00515,nm_000639.3
db00997,nm_000639.3
db06448,nm_002028.4
db00958,nm_002028.4
db00763,nm_015718.3
db00763,nm_005514.8
db00763,nm_001243965.1
db00301,nm_001353916.2
db14126,nm_000276.4
db01076,nm_022114.4
db00641,nm_022114.4
db00063,nm_001184741.1
db00775,nm_001184741.1
db14714,nm_006446.5
db11947,nm_000106.6
db00724,nm_016562.4
db00060,nm_001282679.2
db00068,nm_001282679.2
db00531,nm_001080394.4
db00445,nm_001080394.4
db00515,nm_002887.4
db00502,nm_006183.5
db01224,nm_001168407.2
db06403,nm_000769.4
db00630,nm_012242.4
db00313,nm_000663.4
db00313,nm_001640.4
db00476,nm_018682.3
db00482,nm_001003406.2
db00335,nm_172069.4
db00661,nm_172069.4
db00294,nm_000765.5
db00294,nm_000926.4
db00422,nm_001080479.2
db00437,nm_001193421.1
db00422,nm_001171137.2
db01101,nm_001098816.3
db00678,nm_001329530.2
db00502,nm_001282941.2
db00502,nm_001270546.1
db01101,nm_001145727.3
db00811,nm_007360.4
db00811,nm_003955.4
db00811,nm_001009984.2
db00811,nm_001185059.2
db00811,nm_024514.4
db00811,nm_001080432.3
db00811,nm_001017534.2
db00811,nm_000600.5
db00811,nm_000633.2
db00811,nm_001037631.3
db00811,nm_001270927.2
db00811,nm_021798.4
db00811,nm_001289160.1
db00811,nm_001045.6
db00811,nm_001032409.3
db00811,nm_001261825.1
db00811,nm_001242758.1
db00811,nm_005514.8
db00811,nm_001243042.1
db00811,nm_000376.3
db00811,nm_004212.4
db00811,nm_001346897.2
db00011,nm_001346937.1
db08873,nm_001346937.1
db06290,nm_001346937.1
db08934,nm_001346937.1
db11808,nm_001346937.1
db09027,nm_001346937.1
db09102,nm_001346937.1
db11613,nm_001346937.1
db12026,nm_001346937.1
db01181,nm_000762.6
db01181,nm_000767.5
db01181,nm_000770.3
db01181,nm_000771.4
db01181,nm_000777.5
db01181,nm_145275.1
db01181,nm_000400.3
db00736,nm_000777.5
db00862,nm_000777.5
db00820,nm_000777.5
db00619,nm_000777.5
db00402,nm_000777.5
db01166,nm_000777.5
db01024,nm_000777.5
db06697,nm_000777.5
db13851,nm_000777.5
db08865,nm_000777.5
db08873,nm_000777.5
db08870,nm_000777.5
db08820,nm_000777.5
db06772,nm_000777.5
db05773,nm_000777.5
db08901,nm_000777.5
db09068,nm_000777.5
db05812,nm_000777.5
db11730,nm_000777.5
db11581,nm_000777.5
db06605,nm_000777.5
db12161,nm_000777.5
db00404,nm_000777.5
db01118,nm_000777.5
db00921,nm_000777.5
db00958,nm_000777.5
db00482,nm_000777.5
db01114,nm_000777.5
db01211,nm_000777.5
db01190,nm_000777.5
db01242,nm_000777.5
db00924,nm_000777.5
db00829,nm_000777.5
db00977,nm_000777.5
db01023,nm_000777.5
db01039,nm_000777.5
db01195,nm_000777.5
db00196,nm_000777.5
db00472,nm_000777.5
db00889,nm_000777.5
db00956,nm_000777.5
db00327,nm_000777.5
db00557,nm_000777.5
db00982,nm_000777.5
db01167,nm_000777.5
db01026,nm_000777.5
db00448,nm_000777.5
db00455,nm_000777.5
db00678,nm_000777.5
db00227,nm_000777.5
db00814,nm_000777.5
db00454,nm_000777.5
db00370,nm_000777.5
db00745,nm_000777.5
db00471,nm_000777.5
db01115,nm_000777.5
db00334,nm_000777.5
db00338,nm_000777.5
db00904,nm_000777.5
db00776,nm_000777.5
db00213,nm_000777.5
db00647,nm_000777.5
db01224,nm_000777.5
db01045,nm_000777.5
db00938,nm_000777.5
db01104,nm_000777.5
db01105,nm_000777.5
db00203,nm_000777.5
db01162,nm_000777.5
db00193,nm_000777.5
db00656,nm_000777.5
db00755,nm_000777.5
db00897,nm_000777.5
db00285,nm_000777.5
db00682,nm_000777.5
db00246,nm_000777.5
db00425,nm_000777.5
db00682,nm_000567.3
db00682,nm_000772.3
db00682,nm_001160147.2
db00682,nm_031950.4
db00682,nm_001039503.2
db00682,nm_001164750.2
db00682,nm_001320892.2
db00682,nm_000457.4
db00682,nm_001354870.1
db00682,nm_001284338.1
db00682,nm_000313.3
db00682,nm_001145998.2
db00682,nm_001349920.2
db00682,nm_001272095.1
db00682,nm_052874.5
db00682,nm_001321065.2
db01087,nm_016230.4
db01087,nm_016243.3
db01087,nm_001001336.1
db01087,nm_000398.7
db01087,nm_001099856.5
db00398,nm_000392.5
db00398,nm_000767.5
db00398,nm_000770.3
db00398,nm_000771.4
db00398,nm_006446.5
db00398,nm_001256196.1
db00398,nm_000603.5
db00398,nm_000927.4
db00398,nm_001174063.2
db00398,nm_001159920.2
db00398,nm_001354989.2
db00398,nm_001278547.1
db00398,nm_002253.3
db00398,nm_000222.2
db00398,nm_002745.4
db00398,nm_001318067.1
db00398,nm_002751.7
db00398,nm_001303252.2
db00398,nm_002754.5
db00398,nm_001315.2
db00398,nm_001040056.3
db00398,nm_002748.4
db00398,nm_002749.4
db00398,nm_001135044.2
db00398,nm_003057.3
db00398,nm_001355016.2
db00398,nm_001354689.2
db00398,nm_001145998.2
db00398,nm_001025366.3
db00398,nm_001257386.2
db00398,nm_021027.3
db00398,nm_000594.4
db00673,nm_001074.4
db08816,nm_001074.4
db05239,nm_001074.4
db01076,nm_001074.4
db01136,nm_001074.4
db00537,nm_001074.4
db00712,nm_001074.4
db01095,nm_001074.4
db00502,nm_001074.4
db01050,nm_001074.4
db00186,nm_001074.4
db00678,nm_001074.4
db00227,nm_001074.4
db00842,nm_001074.4
db00641,nm_001074.4
db01268,nm_001354989.2
db06589,nm_001354989.2
db08875,nm_001354989.2
db08896,nm_001354989.2
db08930,nm_018242.3
db12332,nm_018242.3
db12267,nm_018242.3
db01288,nm_003057.3
db11560,nm_003057.3
db12267,nm_003057.3
db00915,nm_003057.3
db00295,nm_003057.3
db01037,nm_003057.3
db00669,nm_003057.3
db00193,nm_003057.3
db00678,nm_001351032.2
db00678,nm_004646.3
db00678,nm_013233.3
db00678,nm_000463.2
db00678,nm_000685.4
db00389,nm_005514.8
db00766,nm_005514.8
db01320,nm_005514.8
db00008,nm_005514.8
db00301,nm_005514.8
db06589,nm_005514.8
db00819,nm_005514.8
db01060,nm_005514.8
db01190,nm_005514.8
db00363,nm_005514.8
db00250,nm_005514.8
db00060,nm_005514.8
db00703,nm_005514.8
db01017,nm_005514.8
db00649,nm_005514.8
db00795,nm_005514.8
db00208,nm_005514.8
db00252,nm_000106.6
db00252,nm_001201550.3
db00252,nm_000015.3
db00252,nm_001330358.1
db00252,nm_000499.5
db00252,nm_000120.4
db00252,nm_001173531.2
db00252,nm_014068.3
db00252,nm_001040142.2
db00252,nm_001072.4
db00252,nm_001076.4
db00252,nm_021027.3
db00694,nm_006446.5
db00694,nm_001289050.1
db00694,nm_180991.5
db00694,nm_001289002.2
db00694,nm_000788.3
db00694,nm_001114600.3
db00694,nm_005502.4
db00694,nm_001198934.2
db00694,nm_001330358.1
db00694,nm_001253908.1
db00694,nm_001320979.1
db00694,nm_001193646.1
db00694,nm_000603.5
db00694,nm_001294161.2
db00694,nm_001007258.1
db00694,nm_001286789.2
db00694,nm_000775.4
db00694,nm_000402.4
db00694,nm_001329790.2
db00694,nm_000846.5
db00694,nm_000849.5
db00694,nm_000852.3
db00694,nm_016219.5
db00694,nm_003872.3
db00694,nm_005073.4
db00694,nm_000966.6
db00694,nm_001756.4
db00694,nm_000089.3
db00694,nm_006672.3
db00694,nm_001071.4
db00694,nm_000636.4
db00694,nm_003742.4
db00694,nm_000379.4
db00694,nm_025225.3
db00694,nm_000053.4
db00864,nm_000765.5
db00864,nm_000770.3
db00864,nm_001350979.2
db00864,nm_001002255.2
db00864,nm_001002294.3
db00864,nm_000586.3
db00864,nm_000525.3
db00864,nm_000218.2
db00864,nm_000230.3
db00864,nm_021251.3
db00864,nm_001293557.2
db00864,nm_000775.4
db00864,nm_001206741.1
db06626,nm_019076.4
db00316,nm_019076.4
db00437,nm_019076.4
db00091,nm_019076.4
db01221,nm_019076.4
db00295,nm_019076.4
db00904,nm_019076.4
db00776,nm_019076.4
db00481,nm_019076.4
db01259,nm_001040275.1
db01590,nm_001040275.1
db00947,nm_001040275.1
db00014,nm_001040275.1
db09074,nm_001040275.1
db04845,nm_001040275.1
db11828,nm_001040275.1
db09073,nm_001040275.1
db11730,nm_001040275.1
db12001,nm_001040275.1
db08871,nm_001040275.1
db00630,nm_001040275.1
db01248,nm_001040275.1
db00990,nm_001040275.1
db00441,nm_001040275.1
db00675,nm_001040275.1
db00539,nm_001040275.1
db01045,nm_000767.5
db01045,nm_006446.5
db01045,nm_001323573.2
db01045,nm_001370598.1
db01045,nm_001286445.3
db01045,nm_000625.4
db01045,nm_001011545.1
db01045,nm_000927.4
db01045,nm_000785.4
db01045,nm_012146.1
db01045,nm_002360.4
db01045,nm_001369512.1
db01045,nm_000376.3
db01045,nm_003400.4
db01045,nm_000594.4
db00317,nm_000769.4
db00317,nm_000771.4
db00317,nm_000499.5
db00317,nm_001005862.2
db00317,nm_001005915.1
db00317,nm_001042599.1
db00317,nm_005921.2
db00224,nm_000927.4
db00224,nm_001105515.3
db00381,nm_000719.7
db00335,nm_000719.7
db00482,nm_000719.7
db00215,nm_000719.7
db01023,nm_000719.7
db00502,nm_000719.7
db00313,nm_000719.7
db00091,nm_000765.5
db00091,nm_000230.3
db00091,nm_004996.4
db00091,nm_001330358.1
db00091,nm_004044.7
db00091,nm_001293557.2
db00091,nm_001037631.3
db00091,nm_000884.3
db00091,nm_001278669.2
db00091,nm_001136021.3
db00091,nm_001205206.3
db00091,nm_000367.4
db00091,nm_001146274.2
db00091,nm_001008389.3
db00091,nm_000594.4
db01115,nm_001126060.1
db01115,nm_004994.3
db01115,nm_000680.4
db01115,nm_001242692.1
db00175,nm_001313941.2
db00175,nm_024734.4
db00175,nm_000789.4
db00175,nm_000253.3
db00175,nm_000527.4
db00175,nm_000237.3
db00175,nm_005502.4
db00175,nm_006988.5
db00175,nm_000576.3
db00175,nm_002422.5
db00175,nm_001101648.2
db00175,nm_001243965.1
db00175,nm_001349920.2
db00175,nm_001145211.3
db00175,nm_003742.4
db00175,nm_004790.5
db00175,nm_001184732.1
db00175,nm_000041.4
db00175,nm_000069.3
db00335,nm_001297571.2
db00695,nm_001297571.2
db01275,nm_001297571.2
db00999,nm_001297571.2
db00883,nm_001297571.2
db00540,nm_001297571.2
db00334,nm_001297571.2
db00203,nm_001297571.2
db00669,nm_001297571.2
db00966,nm_001297571.2
db00214,nm_001297571.2
db09241,nm_000713.3
db09241,nm_000398.7
db00999,nm_020121.4
db01020,nm_016230.4
db01020,nm_016243.3
db01020,nm_001001336.1
db01020,nm_000398.7
db00898,nm_001752.4
db00997,nm_001752.4
db00330,nm_000594.4
db01076,nm_000594.4
db00564,nm_000594.4
db00688,nm_000594.4
db00339,nm_000594.4
db00649,nm_000594.4
db00999,nm_001146274.2
db00912,nm_001146274.2
db00877,nm_001146274.2
db00203,nm_000771.4
db00203,nm_000789.4
db00203,nm_000603.5
db00203,nm_001025366.3
db01024,nm_001025194.2
db01024,nm_000770.3
db01024,nm_000884.3
db01024,nm_001278669.2
db01024,nm_019077.2
db01024,nm_001365405.1
db00883,nm_001001336.1
db01233,nm_001001336.1
db01098,nm_000527.4
db08827,nm_000527.4
db05528,nm_000527.4
db00335,nm_000527.4
db00227,nm_000527.4
db00641,nm_000527.4
db01609,nm_000782.5
db05521,nm_000782.5
db09102,nm_000782.5
db00544,nm_001067.4
db00445,nm_001067.4
db00946,nm_001272095.1
db01418,nm_001272095.1
db00215,nm_001146156.2
db00472,nm_001146156.2
db00563,nm_001146156.2
db08875,nm_000771.4
db08875,nm_001278599.1
db08875,nm_001159920.2
db08875,nm_002253.3
db08875,nm_000222.2
db08875,nm_000245.4
db08875,nm_001007097.3
db08875,nm_002944.2
db08875,nm_000459.4
db08865,nm_002944.2
db12130,nm_002944.2
db00619,nm_004327.4
db01254,nm_004327.4
db04868,nm_004327.4
db08901,nm_004327.4
db06616,nm_004327.4
db04865,nm_004327.4
db01008,nm_004327.4
db01356,nm_004327.4
db00541,nm_004327.4
db01036,nm_000769.4
db01036,nm_000771.4
db01036,nm_000761.5
db00945,nm_001190918.2
db00758,nm_001242692.1
db00947,nm_000125.3
db00947,nm_000926.4
db01039,nm_000600.5
db01039,nm_005502.4
db01039,nm_001486.4
db01039,nm_001242758.1
db01039,nm_000041.4
db01039,nm_001082959.2
db06589,nm_001042771.2
db01054,nm_000238.3
db04846,nm_000238.3
db01118,nm_000238.3
db00335,nm_000238.3
db00612,nm_000238.3
db00204,nm_000238.3
db00590,nm_000238.3
db00285,nm_018558.4
db06616,nm_005157.6
db06616,nm_000927.4
db01259,nm_002122.4
db01283,nm_002122.4
db00993,nm_002122.4
db00060,nm_002122.4
db00068,nm_002122.4
db01033,nm_002122.4
db05351,nm_000762.6
db05351,nm_000767.5
db05351,nm_000769.4
db05351,nm_000770.3
db05351,nm_000771.4
db05351,nm_000106.6
db05351,nm_000773.4
db05351,nm_000499.5
db05351,nm_000761.5
db00642,nm_001364837.1
db00515,nm_001364837.1
db00722,nm_002422.5
db00722,nm_000029.4
db00722,nm_000623.3
db01238,nm_005912.3
db06288,nm_005912.3
db00363,nm_005912.3
db00502,nm_005912.3
db00334,nm_005912.3
db01224,nm_005912.3
db00246,nm_005912.3
db00502,nm_000832.7
db00762,nm_001365405.1
db00688,nm_001365405.1
db01001,nm_001267843.1
db00544,nm_022121.5
db00531,nm_022121.5
db00445,nm_022121.5
db00390,nm_000603.5
db01016,nm_152889.3
db01016,nm_000125.3
db01016,nm_001301347.2
db01016,nm_000786.4
db01016,nm_000402.4
db01016,nm_000336.3
db01016,nm_002745.4
db01016,nm_001076.4
db01016,nm_003742.4
db01016,nm_001127698.2
db01016,nm_001023587.3
db01016,nm_000623.3
db00675,nm_203394.3
db00544,nm_000584.4
db01268,nm_000584.4
db06589,nm_000584.4
db00531,nm_000584.4
db01043,nm_000055.4
db00762,nm_000055.4
db01226,nm_000055.4
db00202,nm_000055.4
db00275,nm_006446.5
db00549,nm_000771.4
db00549,nm_001282186.1
db01259,nm_000125.3
db01259,nm_000926.4
db01259,nm_001005862.2
db01259,nm_001005915.1
db01259,nm_001042599.1
db01259,nm_006218.4
db01259,nm_001243965.1
db01259,nm_003742.4
db01259,nm_001346897.2
db01259,nm_053056.2
db00683,nm_000941.3
db00683,nm_007120.3
db00683,nm_000376.3
db00338,nm_001621.5
db00338,nm_000927.4
db00741,nm_001193646.1
db00741,nm_000927.4
db00316,nm_018727.5
db01192,nm_000106.6
db00945,nm_003190.4
db01060,nm_000769.4
db01060,nm_001193431.2
db01060,nm_001242758.1
db01060,nm_001243042.1
db01060,nm_001243961.2
db01060,nm_019111.5
db01060,nm_001243965.1
db01060,nm_002125.4
db00544,nm_004915.3
db00762,nm_004915.3
db00215,nm_001365906.2
db01132,nm_000237.3
db00482,nm_001354777.1
db00515,nm_001354777.1
db00997,nm_001354777.1
db00482,nm_001229.5
db00495,nm_000771.4
db00495,nm_000773.4
db00495,nm_001165031.2
db00495,nm_000269.2
db00495,nm_001018137.3
db00495,nm_000941.3
db00495,nm_001346663.2
db00495,nm_006672.3
db00495,nm_001307985.2
db00495,nm_001287761.1
db00495,nm_004790.5
db00495,nm_001184732.1
db00495,nm_001257386.2
db00495,nm_001023587.3
db00495,nm_001105515.3
db00495,nm_001199633.2
db00544,nm_000218.2
db00526,nm_000218.2
db00482,nm_000218.2
db00445,nm_000218.2
db00912,nm_000218.2
db00441,nm_001300868.1
db00501,nm_000927.4
db12332,nm_001042618.1
db08881,nm_000927.4
db08881,nm_000761.5
db08881,nm_001130442.2
db08881,nm_001369786.1
db08881,nm_002524.5
db00502,nm_001291860.2
db00349,nm_000767.5
db00349,nm_000770.3
db00349,nm_000771.4
db00349,nm_000106.6
db00349,nm_000761.5
db00349,nm_001165963.3
db00349,nm_000941.3
db00349,nm_001297615.2
db00349,nm_007120.3
db00349,nm_001072.4
db00349,nm_000463.2
db00755,nm_002675.3
db00755,nm_000964.4
db00441,nm_001252377.1
db00328,nm_000771.4
db00381,nm_001126060.1
db00381,nm_006172.4
db00381,nm_000927.4
db00381,nm_001036.5
db00381,nm_000029.4
db00563,nm_001114377.2
db00762,nm_001195639.2
db00999,nm_001127208.2
db00163,nm_000927.4
db00515,nm_003345.5
db00762,nm_003345.5
db12752,nm_000683.4
db00484,nm_000683.4
db00575,nm_000683.4
db00988,nm_000683.4
db00668,nm_000683.4
db01064,nm_000683.4
db00368,nm_000683.4
db01611,nm_000254.2
db00531,nm_000254.2
db00997,nm_000254.2
db00158,nm_000254.2
db00795,nm_000254.2
db00541,nm_000254.2
db00641,nm_001178096.1
db01001,nm_152888.3
db00544,nm_004747.4
db01101,nm_004747.4
db08844,nm_012387.3
db01221,nm_019093.2
db01221,nm_007120.3
db01221,nm_001072.4
db01221,nm_019077.2
db01221,nm_021027.3
db01221,nm_000463.2
db00134,nm_000071.2
db01033,nm_001318865.2
db00134,nm_001318865.2
db00134,nm_001370503.1
db00134,nm_001122633.3
db00134,nm_001270364.1
db00291,nm_000609.7
db00531,nm_000609.7
db01073,nm_000609.7
db00635,nm_000609.7
db00541,nm_000609.7
db00515,nm_001320586.2
db00330,nm_001369512.1
db00339,nm_001369512.1
db01082,nm_001369512.1
db01048,nm_001166538.1
db11581,nm_000770.3
db11581,nm_000771.4
db11581,nm_006446.5
db11581,nm_000633.2
db11581,nm_000927.4
db11581,nm_001282386.1
db11581,nm_001289910.1
db11581,nm_001349920.2
db11581,nm_000546.5
db11581,nm_001257386.2
db11581,nm_000463.2
db11958,nm_001171887.2
db13874,nm_001289910.1
db00958,nm_001354689.2
db00515,nm_001354689.2
db01248,nm_001354689.2
db00441,nm_001354689.2
db08899,nm_000767.5
db08899,nm_000769.4
db08899,nm_000770.3
db08899,nm_000771.4
db08899,nm_000761.5
db01590,nm_000801.5
db00439,nm_000770.3
db00439,nm_006446.5
db00439,nm_000859.3
db00439,nm_001035.3
db00999,nm_001282613.1
db00205,nm_001099856.5
db00853,nm_002412.5
db01244,nm_000106.6
db01244,nm_000927.4
db01264,nm_001145044.1
db08877,nm_000771.4
db08877,nm_000927.4
db08877,nm_001257386.2
db01254,nm_001012750.2
db08901,nm_001012750.2
db00993,nm_017947.4
db00635,nm_001166055.1
db08809,nm_001312660.2
db04881,nm_000927.4
db14069,nm_000927.4
db00544,nm_000598.5
db00482,nm_000598.5
db00519,nm_001025194.2
db00519,nm_001040712.2
db00564,nm_005345.6
db00515,nm_001366458.2
db00762,nm_001366458.2
db00246,nm_001206955.1
db00734,nm_018557.2
db08809,nm_013382.5
db00544,nm_145275.1
db00526,nm_145275.1
db12257,nm_145275.1
db00997,nm_145275.1
db00441,nm_145275.1
db00563,nm_145275.1
db00847,nm_000492.3
db00668,nm_000678.4
db00668,nm_000680.4
db00668,nm_000681.4
db00668,nm_000682.7
db00668,nm_000024.5
db00056,nm_000773.4
db00056,nm_006446.5
db00056,nm_000667.4
db00056,nm_001082618.2
db00056,nm_004605.2
db09330,nm_001346897.2
db06228,nm_000130.4
db06228,nm_000927.4
db00816,nm_000024.5
db11793,nm_000059.3
db11793,nm_000927.4
db11793,nm_000761.5
db11793,nm_001257386.2
db00515,nm_001363464.2
db00563,nm_002703.5
db06709,nm_001001890.3
db00482,nm_000721.4
db00334,nm_001308267.2
db00734,nm_005805.6
db09053,nm_000061.2
db00482,nm_001160130.1
db00762,nm_001160130.1
db00011,nm_001276254.2
db00204,nm_001201474.1
db00308,nm_001201474.1
db00489,nm_001201474.1
db00309,nm_000927.4
db00363,nm_001253912.2
db00334,nm_001253912.2
db00063,nm_000508.5
db00775,nm_000508.5
db00526,nm_001160154.1
db01101,nm_001160154.1
db00162,nm_000689.5
db01186,nm_000795.4
db00482,nm_000725.4
db00550,nm_015718.3
db00550,nm_001243965.1
db00997,nm_001289050.1
db11808,nm_001276254.2
db01076,nm_013262.4
db00008,nm_001009984.2
db00642,nm_000804.4
db00518,nm_000775.4
db04817,nm_000015.3
db00482,nm_001204824.1
db09308,nm_000015.3
db00999,nm_001007795.1
db00808,nm_001301188.1
db00422,nm_001301188.1
db00482,nm_001278549.2
db00482,nm_001170714.3
db00422,nm_001042474.2
db00482,nm_001256789.3
db00313,nm_001256789.3
db00313,nm_001003941.3
db00482,nm_000723.5
db00482,nm_004700.4
db00482,nm_001216.3
db00422,nm_015703.5
db01577,nm_000818.2
db00422,nm_032709.3
db01101,nm_001040022.1
db00502,nm_014935.5
db00008,nm_005371.6
db00444,nm_007172.4
db00563,nm_001281971.2
db13136,nm_001311311.1
db00619,nm_000767.5
db01254,nm_000767.5
db00648,nm_000767.5
db01409,nm_000767.5
db00330,nm_000767.5
db13851,nm_000767.5
db08865,nm_000767.5
db08912,nm_000767.5
db08827,nm_000767.5
db08896,nm_000767.5
db09068,nm_000767.5
db04908,nm_000767.5
db06595,nm_000767.5
db01008,nm_000767.5
db00564,nm_000767.5
db00843,nm_000767.5
db00951,nm_000767.5
db00370,nm_000767.5
db00184,nm_000767.5
db00339,nm_000767.5
db01104,nm_000767.5
db00193,nm_000767.5
db00313,nm_000767.5
db00736,nm_000762.6
db04665,nm_000762.6
db01254,nm_000762.6
db01273,nm_000762.6
db09274,nm_000762.6
db05015,nm_000762.6
db09068,nm_000762.6
db00316,nm_000762.6
db01156,nm_000762.6
db00829,nm_000762.6
db01248,nm_000762.6
db01006,nm_000762.6
db01085,nm_000762.6
db00313,nm_000762.6
db12257,nm_000852.3
db08908,nm_000852.3
db01008,nm_000852.3
db00848,nm_000852.3
db01033,nm_000852.3
db00334,nm_000852.3
db00853,nm_000852.3
db04572,nm_000852.3
db11712,nm_000492.3
db06626,nm_001004492.1
db06626,nm_005157.6
db06626,nm_001159920.2
db06626,nm_002253.3
db06626,nm_019077.2
db06626,nm_001257386.2
db06626,nm_021027.3
db01558,nm_000761.5
db00476,nm_000761.5
db00736,nm_000761.5
db00377,nm_000761.5
db01254,nm_000761.5
db01409,nm_000761.5
db06589,nm_000761.5
db08816,nm_000761.5
db08865,nm_000761.5
db08827,nm_000761.5
db06290,nm_000761.5
db05812,nm_000761.5
db04908,nm_000761.5
db11730,nm_000761.5
db12332,nm_000761.5
db12161,nm_000761.5
db06595,nm_000761.5
db00316,nm_000761.5
db01217,nm_000761.5
db00564,nm_000761.5
db00477,nm_000761.5
db00215,nm_000761.5
db01242,nm_000761.5
db00851,nm_000761.5
db00829,nm_000761.5
db01142,nm_000761.5
db01195,nm_000761.5
db00623,nm_000761.5
db00176,nm_000761.5
db00502,nm_000761.5
db00458,nm_000761.5
db00238,nm_000761.5
db00904,nm_000761.5
db01100,nm_000761.5
db01182,nm_000761.5
db00571,nm_000761.5
db01224,nm_000761.5
db00468,nm_000761.5
db00675,nm_000761.5
db01412,nm_000761.5
db00277,nm_000761.5
db00679,nm_000761.5
db00193,nm_000761.5
db00831,nm_000761.5
db00285,nm_000761.5
db01238,nm_000927.4
db00582,nm_000927.4
db00875,nm_000927.4
db01184,nm_000927.4
db01054,nm_000927.4
db12257,nm_000927.4
db14057,nm_000927.4
db11672,nm_000927.4
db06288,nm_000927.4
db00652,nm_000927.4
db00243,nm_000927.4
db01339,nm_000927.4
db00008,nm_000927.4
db00728,nm_000927.4
db00200,nm_000927.4
db00080,nm_000927.4
db00279,nm_000927.4
db04630,nm_000927.4
db04851,nm_000927.4
db04846,nm_000927.4
db12799,nm_000927.4
db11869,nm_000927.4
db14726,nm_000927.4
db06240,nm_000927.4
db06589,nm_000927.4
db08816,nm_000927.4
db08865,nm_000927.4
db08873,nm_000927.4
db05109,nm_000927.4
db06772,nm_000927.4
db08901,nm_000927.4
db08827,nm_000927.4
db04865,nm_000927.4
db06290,nm_000927.4
db08934,nm_000927.4
db09039,nm_000927.4
db09063,nm_000927.4
db09102,nm_000927.4
db09298,nm_000927.4
db11363,nm_000927.4
db12332,nm_000927.4
db12267,nm_000927.4
db12233,nm_000927.4
db01118,nm_000927.4
db00701,nm_000927.4
db00335,nm_000927.4
db00207,nm_000927.4
db01136,nm_000927.4
db00477,nm_000927.4
db01211,nm_000927.4
db01242,nm_000927.4
db00318,nm_000927.4
db01394,nm_000927.4
db00343,nm_000927.4
db00975,nm_000927.4
db00822,nm_000927.4
db00254,nm_000927.4
db00199,nm_000927.4
db01023,nm_000927.4
db00623,nm_000927.4
db01095,nm_000927.4
db00176,nm_000927.4
db00158,nm_000927.4
db00027,nm_000927.4
db00502,nm_000927.4
db01177,nm_000927.4
db01167,nm_000927.4
db00602,nm_000927.4
db01026,nm_000927.4
db00448,nm_000927.4
db01202,nm_000927.4
db01137,nm_000927.4
db01356,nm_000927.4
db00227,nm_000927.4
db00934,nm_000927.4
db00358,nm_000927.4
db00422,nm_000927.4
db00959,nm_000927.4
db00834,nm_000927.4
db00305,nm_000927.4
db01204,nm_000927.4
db00745,nm_000927.4
db01149,nm_000927.4
db00904,nm_000927.4
db00198,nm_000927.4
db00776,nm_000927.4
db00635,nm_000927.4
db01182,nm_000927.4
db00571,nm_000927.4
db00339,nm_000927.4
db00468,nm_000927.4
db00206,nm_000927.4
db01208,nm_000927.4
db00421,nm_000927.4
db00444,nm_000927.4
db00342,nm_000927.4
db00759,nm_000927.4
db01030,nm_000927.4
db00115,nm_000927.4
db01072,nm_000769.4
db00544,nm_000769.4
db00983,nm_000769.4
db00289,nm_000769.4
db01254,nm_000769.4
db00598,nm_000769.4
db01544,nm_000769.4
db08865,nm_000769.4
db06414,nm_000769.4
db11737,nm_000769.4
db08912,nm_000769.4
db08827,nm_000769.4
db08896,nm_000769.4
db06290,nm_000769.4
db09068,nm_000769.4
db05812,nm_000769.4
db04908,nm_000769.4
db05541,nm_000769.4
db12332,nm_000769.4
db06595,nm_000769.4
db12233,nm_000769.4
db01076,nm_000769.4
db01211,nm_000769.4
db00363,nm_000769.4
db00843,nm_000769.4
db01142,nm_000769.4
db00997,nm_000769.4
db00625,nm_000769.4
db01095,nm_000769.4
db01050,nm_000769.4
db01097,nm_000769.4
db01006,nm_000769.4
db00227,nm_000769.4
db00849,nm_000769.4
db00745,nm_000769.4
db00220,nm_000769.4
db00238,nm_000769.4
db00842,nm_000769.4
db00776,nm_000769.4
db00946,nm_000769.4
db01131,nm_000769.4
db00571,nm_000769.4
db01224,nm_000769.4
db00468,nm_000769.4
db00734,nm_000769.4
db00641,nm_000769.4
db00231,nm_000769.4
db01041,nm_000769.4
db01124,nm_000769.4
db00726,nm_000769.4
db01171,nm_000769.4
db06589,nm_000770.3
db06589,nm_000106.6
db06589,nm_006446.5
db06589,nm_001174063.2
db06589,nm_000141.4
db06589,nm_000142.4
db06589,nm_001159920.2
db06589,nm_005546.3
db06589,nm_002253.3
db06589,nm_052863.3
db06589,nm_001025366.3
db06589,nm_001257386.2
db06589,nm_000463.2
db00544,nm_001236.4
db00531,nm_001236.4
db00445,nm_001236.4
db12257,nm_001166049.2
db00997,nm_001166049.2
db01041,nm_001166049.2
db00555,nm_000771.4
db00555,nm_000106.6
db00555,nm_001165963.3
db00555,nm_001040142.2
db00555,nm_001243042.1
db00555,nm_001243961.2
db00555,nm_001243965.1
db00238,nm_000771.4
db00238,nm_001105563.1
db00238,nm_001370351.1
db00238,nm_001164281.2
db00238,nm_001243961.2
db00238,nm_001077511.2
db08816,nm_000773.4
db08816,nm_022788.4
db08816,nm_001278921.2
db00373,nm_000684.3
db00736,nm_000773.4
db01254,nm_000773.4
db01409,nm_000773.4
db11730,nm_000773.4
db06595,nm_000773.4
db00316,nm_000773.4
db00215,nm_000773.4
db00987,nm_000773.4
db00829,nm_000773.4
db01073,nm_000773.4
db01177,nm_000773.4
db00468,nm_000773.4
db01412,nm_000773.4
db00277,nm_000773.4
db00193,nm_000773.4
db05015,nm_000770.3
db05015,nm_000771.4
db01048,nm_000667.4
db00898,nm_000667.4
db00987,nm_000667.4
db01073,nm_000667.4
db01177,nm_000667.4
db00228,nm_000540.2
db00228,nm_000069.3
db00762,nm_001025194.2
db00762,nm_001303139.1
db00762,nm_001363692.1
db00762,nm_001130107.1
db00762,nm_001657.4
db00762,nm_001897.5
db00762,nm_001205206.3
db00762,nm_001355016.2
db00762,nm_006221.3
db00762,nm_015192.4
db00762,nm_006788.4
db00762,nm_001195303.3
db00762,nm_003286.4
db00762,nm_001350120.2
db00762,nm_001281786.1
db00762,nm_001349920.2
db00762,nm_001071.4
db00762,nm_001024847.2
db00762,nm_001100118.2
db00762,nm_001023587.3
db00762,nm_001105515.3
db00762,nm_001008744.2
db01238,nm_000524.3
db06288,nm_000524.3
db04896,nm_000524.3
db00363,nm_000524.3
db00176,nm_000524.3
db01577,nm_000524.3
db00334,nm_000524.3
db01224,nm_000524.3
db00734,nm_000524.3
db01104,nm_000524.3
db00293,nm_001071.4
db12257,nm_001071.4
db01611,nm_001071.4
db00993,nm_001071.4
db00987,nm_001071.4
db01234,nm_001071.4
db00158,nm_001071.4
db00635,nm_001071.4
db00734,nm_001071.4
db00795,nm_001071.4
db00928,nm_001071.4
db00993,nm_001080432.3
db00993,nm_004996.4
db00993,nm_001123.3
db00993,nm_001159.4
db00993,nm_000883.4
db00993,nm_000884.3
db00993,nm_001243965.1
db00993,nm_000379.4
db00993,nm_001105515.3
db01217,nm_000770.3
db01217,nm_000771.4
db01217,nm_001242559.2
db01217,nm_030773.3
db00399,nm_002546.4
db00282,nm_002546.4
db04868,nm_005157.6
db04868,nm_001257386.2
db00476,nm_001161584.1
db00476,nm_198153.3
db00476,nm_014639.3
db00476,nm_024697.3
db00476,nm_000600.5
db00476,nm_024490.3
db00476,nm_001278596.3
db00476,nm_000796.5
db00476,nm_004108.3
db00476,nm_000872.5
db00476,nm_000615.7
db00476,nm_001144900.2
db00476,nm_001318381.1
db00334,nm_001075.6
db00997,nm_006446.5
db00997,nm_180991.5
db00997,nm_001253826.2
db00997,nm_001289002.2
db00997,nm_000625.4
db00997,nm_005502.4
db00997,nm_001198934.2
db00997,nm_001202413.1
db00997,nm_001253908.1
db00997,nm_001320979.1
db00997,nm_000691.5
db00997,nm_000620.5
db00997,nm_001294161.2
db00997,nm_001007258.1
db00997,nm_001286789.2
db00997,nm_000101.4
db00997,nm_000103.4
db00997,nm_000104.3
db00997,nm_000775.4
db00997,nm_000400.3
db00997,nm_001136219.2
db00997,nm_000402.4
db00997,nm_000581.4
db00997,nm_001329790.2
db00997,nm_000846.5
db00997,nm_000849.5
db00997,nm_000251.2
db00997,nm_001166159.1
db00997,nm_001363602.2
db00997,nm_000903.3
db00997,nm_005073.4
db00997,nm_000454.4
db00997,nm_000941.3
db00997,nm_006788.4
db00997,nm_001756.4
db00997,nm_000089.3
db00997,nm_006672.3
db00997,nm_000636.4
db00997,nm_000546.5
db00997,nm_006297.2
db00997,nm_003742.4
db00997,nm_000379.4
db00997,nm_001257386.2
db00997,nm_001023587.3
db00997,nm_001105515.3
db00997,nm_000051.3
db00988,nm_000680.4
db01064,nm_000680.4
db00723,nm_000680.4
db00368,nm_000680.4
db00388,nm_000680.4
db00544,nm_004996.4
db00526,nm_004996.4
db00286,nm_004996.4
db00363,nm_004996.4
db01248,nm_004996.4
db00471,nm_004996.4
db00541,nm_004996.4
db01175,nm_000868.3
db04946,nm_000868.3
db00316,nm_000914.4
db00182,nm_000914.4
db00956,nm_000914.4
db01183,nm_000914.4
db00899,nm_000914.4
db00708,nm_000914.4
db00669,nm_000914.4
db00193,nm_000914.4
db06510,nm_000684.3
db12752,nm_000684.3
db01195,nm_000684.3
db01064,nm_000684.3
db13125,nm_000313.3
db00883,nm_000398.7
db01233,nm_000398.7
db11958,nm_000142.4
db08827,nm_000770.3
db08827,nm_174936.3
db04572,nm_000689.5
db04572,nm_000691.5
db00850,nm_000106.6
db00850,nm_018717.5
db00850,nm_001220488.2
db00850,nm_001172574.1
db00850,nm_005400.3
db00850,nm_001102445.2
db08871,nm_000125.3
db08871,nm_000926.4
db08871,nm_001005862.2
db01001,nm_001322284.1
db01001,nm_000876.3
db01001,nm_001116.4
db01001,nm_001174087.2
db01001,nm_020318.3
db01001,nm_153646.3
db01001,nm_000461.5
db11699,nm_000106.6
db01095,nm_000078.3
db01095,nm_000770.3
db01095,nm_000236.3
db01095,nm_005073.4
db01095,nm_001243965.1
db01095,nm_001349920.2
db01095,nm_001145211.3
db01095,nm_019093.2
db01095,nm_001257386.2
db01095,nm_000463.2
db00318,nm_001297615.2
db00564,nm_004638.4
db08873,nm_001276254.2
db08873,nm_000376.3
db08873,nm_004212.4
db14126,nm_001198934.2
db00541,nm_001198934.2
db00482,nm_000962.4
db00758,nm_000962.4
db01050,nm_000962.4
db00533,nm_000962.4
db00619,nm_000853.3
db00363,nm_000853.3
db01041,nm_000853.3
db00734,nm_000871.3
db01452,nm_000690.4
db01452,nm_001894.4
db01452,nm_000795.4
db01452,nm_000796.5
db00731,nm_000771.4
db00250,nm_001242758.1
db00250,nm_001243965.1
db01590,nm_006218.4
db00958,nm_006218.4
db00515,nm_006218.4
db01248,nm_006218.4
db00720,nm_000576.3
db00945,nm_000576.3
db01077,nm_000576.3
db00295,nm_000576.3
db00884,nm_000576.3
db01133,nm_000576.3
db00004,nm_000417.2
db00482,nm_000389.5
db00482,nm_004064.4
db00482,nm_001005737.1
db00482,nm_144701.3
db00482,nm_001286075.1
db00482,nm_005173.4
db00482,nm_001218.5
db00482,nm_000068.4
db00482,nm_000718.4
db00482,nm_001005505.3
db00482,nm_018398.3
db00482,nm_000726.4
db00482,nm_001098209.2
db00482,nm_001195053.1
db00482,nm_001330615.1
db00482,nm_000958.3
db00482,nm_004518.6
db00482,nm_004994.3
db00482,nm_004878.5
db00482,nm_001025366.3
db00482,nm_001256324.2
db00482,nm_000697.3
db00482,nm_001135765.1
db00482,nm_000720.4
db00482,nm_000069.3
db00482,nm_000722.4
db00482,nm_000724.4
db06700,nm_000106.6
db06700,nm_000872.5
db01169,nm_000964.4
db08934,nm_001025194.2
db08934,nm_001276254.2
db08934,nm_005340.7
db08934,nm_001257386.2
db00544,nm_001130107.1
db00843,nm_000746.6
db00843,nm_000770.3
db00843,nm_000106.6
db00843,nm_005400.3
db00674,nm_000746.6
db00674,nm_005400.3
db00674,nm_000041.4
db00544,nm_053056.2
db00563,nm_053056.2
db00286,nm_000125.3
db00286,nm_001054.4
db00286,nm_001055.3
db00286,nm_000376.3
db11828,nm_000125.3
db11828,nm_000926.4
db11828,nm_001005862.2
db11828,nm_001346897.2
db00983,nm_000106.6
db00115,nm_001330358.1
db00215,nm_000602.4
db01234,nm_000602.4
db00472,nm_000602.4
db01238,nm_178510.2
db01238,nm_175067.1
db01238,nm_001083585.3
db01238,nm_001161812.1
db01238,nm_000621.4
db01238,nm_001441.3
db01238,nm_001278921.2
db01156,nm_000041.4
db00184,nm_000041.4
db00503,nm_000041.4
db08930,nm_003058.4
db08930,nm_019093.2
db08930,nm_004790.5
db08930,nm_001184732.1
db08930,nm_001257386.2
db08930,nm_021027.3
db08930,nm_000463.2
db00542,nm_001319214.1
db00542,nm_003126.4
db00542,nm_000029.4
db00542,nm_000685.4
db00437,nm_001159.4
db06288,nm_001204065.2
db06288,nm_001083585.3
db00531,nm_002872.5
db01177,nm_002872.5
db00860,nm_002872.5
db00541,nm_002872.5
db00625,nm_000572.3
db00877,nm_000572.3
db01098,nm_000859.3
db01076,nm_000859.3
db00227,nm_000859.3
db00641,nm_000859.3
db04115,nm_001045.6
db00544,nm_001319224.1
db01101,nm_001319224.1
db01356,nm_001281768.1
db01356,nm_001079519.1
db00399,nm_001330615.1
db00945,nm_001330615.1
db00334,nm_001330615.1
db00222,nm_000770.3
db00222,nm_000402.4
db01098,nm_001291920.1
db01248,nm_001291920.1
db00437,nm_000379.4
db00900,nm_000379.4
db01033,nm_000379.4
db00277,nm_000379.4
db00352,nm_000379.4
db00370,nm_015973.5
db00679,nm_000106.6
db00679,nm_000775.4
db00544,nm_033125.4
db00363,nm_000064.4
db00327,nm_000106.6
db01175,nm_000863.2
db00279,nm_000863.2
db00215,nm_000863.2
db01242,nm_000863.2
db00472,nm_000863.2
db01356,nm_000863.2
db01149,nm_000863.2
db06775,nm_153006.3
db06775,nm_001122633.3
db01268,nm_000941.3
db01076,nm_000941.3
db00184,nm_000941.3
db00703,nm_001243042.1
db00544,nm_001291980.2
db01590,nm_001291980.2
db11958,nm_001291980.2
db00531,nm_001291980.2
db00563,nm_001291980.2
db12161,nm_000106.6
db01248,nm_004273.5
db01041,nm_004273.5
db00544,nm_000104.3
db00613,nm_000104.3
db00531,nm_000104.3
db01033,nm_004212.4
db00563,nm_004212.4
db06709,nm_000024.5
db00853,nm_006037.3
db01068,nm_000015.3
db00889,nm_000106.6
db00889,nm_001126060.1
db00889,nm_000499.5
db00829,nm_000771.4
db00829,nm_000106.6
db00227,nm_000078.3
db00860,nm_001080976.3
db00860,nm_001330358.1
db00860,nm_000101.4
db00860,nm_003309.3
db00860,nm_025225.3
db00814,nm_000771.4
db00842,nm_001076.4
db00842,nm_021027.3
db12181,nm_001116.4
db00544,nm_000620.5
db00531,nm_000620.5
db00445,nm_000620.5
db01050,nm_000620.5
db00481,nm_001271620.2
db00675,nm_001271620.2
db00377,nm_000106.6
db01076,nm_024734.4
db00641,nm_024734.4
db00544,nm_000208.4
db00531,nm_000208.4
db00445,nm_000208.4
db00273,nm_000208.4
db00290,nm_000386.4
db00515,nm_000386.4
db00594,nm_001144964.1
db00215,nm_001144964.1
db02659,nm_001190906.2
db00059,nm_001294161.2
db01149,nm_000106.6
db01149,nm_001145775.2
db00766,nm_002125.4
db00363,nm_002125.4
db00566,nm_000402.4
db11963,nm_001346897.2
db00899,nm_173653.4
db00899,nm_021259.3
db11958,nm_001278690.1
db11958,nm_001004356.3
db00619,nm_001134937.1
db06014,nm_000109.4
db05773,nm_001005862.2
db11915,nm_000106.6
db11915,nm_003054.6
db09068,nm_000770.3
db09068,nm_000771.4
db09068,nm_000106.6
db00215,nm_005669.5
db00472,nm_005669.5
db01104,nm_005669.5
db01299,nm_001099856.5
db00706,nm_000106.6
db00879,nm_000392.5
db00182,nm_001220488.2
db00451,nm_015718.3
db01098,nm_003049.4
db00945,nm_001324338.2
db02659,nm_001167595.2
db01050,nm_001167595.2
db01098,nm_000567.3
db00540,nm_005715.3
db00945,nm_004106.2
db00295,nm_001282512.3
db08901,nm_000770.3
db08901,nm_000106.6
db08901,nm_005157.6
db08901,nm_001257386.2
db01558,nm_000106.6
db01202,nm_001165963.3
db01202,nm_001242758.1
db00958,nm_001256295.2
db00399,nm_001270949.1
db00316,nm_001270949.1
db00945,nm_001270949.1
db00282,nm_001270949.1
db04946,nm_001030311.2
db00656,nm_000106.6
db00775,nm_000212.2
db00775,nm_000419.5
db00775,nm_000509.5
db01098,nm_001320044.2
db00641,nm_001320044.2
db00461,nm_000775.4
db00313,nm_004964.3
db01248,nm_000608.2
db00960,nm_000024.5
db11760,nm_000059.3
db11760,nm_001005862.2
db00794,nm_000771.4
db00794,nm_000106.6
db09063,nm_001145076.3
db00544,nm_000179.2
db00526,nm_000179.2
db00900,nm_001134373.2
db01356,nm_001101421.3
db00094,nm_000145.3
db00563,nm_001278669.2
db00635,nm_001278669.2
db00813,nm_001005498.3
db00295,nm_001005498.3
db00497,nm_001005498.3
db01098,nm_005577.3
db00441,nm_001289975.1
db00441,nm_001363365.2
db00987,nm_004605.2
db01073,nm_004605.2
db01177,nm_004605.2
db00540,nm_021003.5
db00718,nm_001193476.2
db14126,nm_001193476.2
db01224,nm_001014797.3
db00215,nm_002943.3
db12804,nm_000015.3
db00389,nm_001243965.1
db00958,nm_182699.4
db00441,nm_182699.4
db00593,nm_001165963.3
db00437,nm_001127183.4
db00531,nm_001080448.3
db00445,nm_001080448.3
db05812,nm_001080976.3
db01098,nm_015306.3
db00987,nm_001017969.3
db01177,nm_001017969.3
db08889,nm_002253.3
db08889,nm_001025366.3
db11629,nm_000953.3
db00958,nm_033034.3
db00531,nm_001069.3
db00445,nm_001069.3
db00515,nm_001271765.2
db00422,nm_015670.6
db00422,nm_001282983.2
db00541,nm_020409.3
db00422,nm_001171930.2
db01101,nm_022072.5
db01101,nm_001308362.1
db01101,nm_015378.4
db01101,nm_014188.3
db01101,nm_020338.4
db06290,nm_001276254.2
db09027,nm_001276254.2
db09102,nm_001276254.2
db11613,nm_001276254.2
db12026,nm_001276254.2
db00399,nm_000770.3
db01072,nm_000770.3
db00544,nm_000770.3
db01254,nm_000770.3
db08865,nm_000770.3
db08912,nm_000770.3
db08896,nm_000770.3
db06290,nm_000770.3
db05812,nm_000770.3
db04908,nm_000770.3
db12332,nm_000770.3
db12267,nm_000770.3
db06595,nm_000770.3
db01076,nm_000770.3
db00564,nm_000770.3
db01050,nm_000770.3
db00227,nm_000770.3
db00471,nm_000770.3
db00688,nm_000770.3
db00282,nm_000770.3
db00468,nm_000770.3
db00912,nm_000770.3
db00641,nm_000770.3
db00277,nm_000770.3
db00641,nm_000446.7
db00584,nm_000789.4
db00584,nm_000024.5
db00584,nm_000623.3
db14726,nm_001025194.2
db01101,nm_001025194.2
db00688,nm_001025194.2
db01054,nm_000685.4
db11842,nm_000685.4
db01076,nm_000685.4
db00999,nm_000685.4
db08865,nm_000771.4
db08865,nm_000106.6
db08865,nm_006446.5
db08865,nm_001353765.1
db08865,nm_000245.4
db08865,nm_001349920.2
db01033,nm_001080432.3
db01033,nm_001014986.3
db01033,nm_000883.4
db01033,nm_001134373.2
db01033,nm_001243965.1
db01033,nm_025225.3
db01033,nm_001199633.2
db00734,nm_002982.4
db00363,nm_000621.4
db00625,nm_000621.4
db00818,nm_000621.4
db00734,nm_000621.4
db00669,nm_000621.4
db01156,nm_000794.5
db01156,nm_000795.4
db01156,nm_001166005.1
db01156,nm_001480.3
db01159,nm_000540.2
db01159,nm_000069.3
db00544,nm_000392.5
db00544,nm_001007225.3
db00544,nm_001253826.2
db00544,nm_014366.5
db00544,nm_032445.2
db00544,nm_001302769.2
db00544,nm_174909.5
db00544,nm_001195194.1
db00544,nm_005544.2
db00544,nm_000691.5
db00544,nm_001286789.2
db00544,nm_001099402.2
db00544,nm_001039936.2
db00544,nm_001324095.2
db00544,nm_001897.5
db00544,nm_000103.4
db00544,nm_002015.4
db00544,nm_001486.4
db00544,nm_001142556.2
db00544,nm_001165963.3
db00544,nm_001110792.2
db00544,nm_001365923.2
db00544,nm_032526.2
db00544,nm_001205206.3
db00544,nm_001355016.2
db00544,nm_005027.4
db00544,nm_001270476.2
db00544,nm_000314.7
db00544,nm_006788.4
db00544,nm_014248.4
db00544,nm_001286431.2
db00544,nm_001195303.3
db00544,nm_000450.2
db00544,nm_000546.5
db00544,nm_001100118.2
db00544,nm_030775.2
db00544,nm_001023587.3
db00544,nm_001105515.3
db00544,nm_016327.3
db00544,nm_000051.3
db00544,nm_001346897.2
db00531,nm_000392.5
db00531,nm_000771.4
db00531,nm_173481.4
db00531,nm_006446.5
db00531,nm_014366.5
db00531,nm_001195194.1
db00531,nm_005544.2
db00531,nm_000669.5
db00531,nm_000691.5
db00531,nm_001193646.1
db00531,nm_001294161.2
db00531,nm_001286789.2
db00531,nm_001099402.2
db00531,nm_001098209.2
db00531,nm_000101.4
db00531,nm_000103.4
db00531,nm_001136219.2
db00531,nm_002015.4
db00531,nm_001142556.2
db00531,nm_001048171.1
db00531,nm_000631.5
db00531,nm_005027.4
db00531,nm_001270476.2
db00531,nm_014248.4
db00531,nm_000367.4
db00531,nm_000636.4
db00531,nm_001257408.2
db00531,nm_025225.3
db00531,nm_001257386.2
db00531,nm_000051.3
db00990,nm_000125.3
db00990,nm_001253908.1
db00990,nm_000926.4
db00990,nm_000103.4
db00990,nm_001242559.2
db00990,nm_001098725.2
db00990,nm_030773.3
db13125,nm_000488.3
db00339,nm_006446.5
db00215,nm_001143805.1
db00422,nm_001143805.1
db00540,nm_001143805.1
db00334,nm_001143805.1
db00734,nm_001143805.1
db00669,nm_001143805.1
db00718,nm_001105515.3
db00619,nm_001105515.3
db12332,nm_001105515.3
db00515,nm_001105515.3
db00987,nm_001105515.3
db00625,nm_001105515.3
db00695,nm_001105515.3
db00929,nm_001105515.3
db00352,nm_001105515.3
db00822,nm_178510.2
db00502,nm_178510.2
db00184,nm_178510.2
db00334,nm_178510.2
db01224,nm_178510.2
db00313,nm_178510.2
db08912,nm_004790.5
db11560,nm_004790.5
db12332,nm_004790.5
db00369,nm_004790.5
db00515,nm_001363692.1
db00661,nm_001126060.1
db00661,nm_004137.4
db00661,nm_001004056.2
db00661,nm_001034837.3
db00661,nm_001040712.2
db00399,nm_001135821.2
db00215,nm_001271667.1
db00363,nm_001271667.1
db00502,nm_001271667.1
db01577,nm_001271667.1
db00502,nm_001256613.1
db00502,nm_001168378.1
db00502,nm_001244638.2
db00502,nm_001277077.1
db00502,nm_000794.5
db00502,nm_001163941.2
db00502,nm_001039350.3
db00502,nm_000113.3
db00502,nm_001018041.2
db00502,nm_001441.3
db00502,nm_000827.4
db00502,nm_001282470.2
db00502,nm_000833.5
db00502,nm_000834.4
db00502,nm_000869.6
db00502,nm_000577.5
db00502,nm_001044.5
db00502,nm_002923.4
db00502,nm_000540.2
db00502,nm_001318369.1
db00502,nm_001278921.2
db00635,nm_000176.3
db00635,nm_001193646.1
db00635,nm_000603.5
db00635,nm_001294161.2
db00635,nm_001037631.3
db00635,nm_000101.4
db00635,nm_001319059.2
db00635,nm_000631.5
db00635,nm_001205206.3
db00635,nm_000367.4
db00413,nm_000796.5
db01577,nm_000796.5
db00422,nm_000796.5
db01224,nm_000796.5
db00720,nm_000376.3
db00008,nm_000376.3
db01609,nm_000376.3
db09102,nm_000376.3
db00630,nm_000376.3
db02300,nm_000376.3
db00136,nm_000376.3
db01077,nm_000376.3
db00481,nm_000376.3
db00946,nm_000120.4
db00946,nm_001001928.3
db01118,nm_001126060.1
db00757,nm_001126060.1
db00912,nm_001126060.1
db00489,nm_001126060.1
db00399,nm_001127891.2
db00282,nm_001127891.2
db00766,nm_001243042.1
db00301,nm_001243042.1
db00363,nm_001243042.1
db00563,nm_001243042.1
db00208,nm_001243042.1
db01248,nm_001318012.2
db13125,nm_000312.3
db00883,nm_016230.4
db01233,nm_016230.4
db01097,nm_000125.3
db01097,nm_001025193.1
db00334,nm_000771.4
db00334,nm_001083585.3
db00334,nm_001330358.1
db00334,nm_001621.5
db00334,nm_001318029.2
db00334,nm_001142929.1
db00334,nm_033225.6
db00334,nm_000499.5
db00334,nm_001018041.2
db00334,nm_001441.3
db00334,nm_002054.5
db00334,nm_000164.4
db00334,nm_000849.5
db00334,nm_000575.4
db00334,nm_001080951.3
db00334,nm_006252.4
db00334,nm_005399.5
db00334,nm_001102445.2
db00334,nm_000367.4
db00334,nm_004170.6
db00334,nm_001142600.1
db00334,nm_000463.2
db00950,nm_001145211.3
db00313,nm_001318890.1
db00313,nm_001010845.2
db01611,nm_000402.4
db01611,nm_001205206.3
db00515,nm_001142502.2
db00441,nm_001142502.2
db01356,nm_001083585.3
db01356,nm_207359.2
db01356,nm_001286563.2
db01356,nm_001094.4
db01356,nm_001320793.2
db01356,nm_004075.5
db01356,nm_001256482.2
db01356,nm_001145775.2
db01356,nm_004179.2
db01098,nm_001002294.3
db04924,nm_001002294.3
db01254,nm_001002294.3
db00675,nm_001002294.3
db01590,nm_001014431.2
db00734,nm_001014431.2
db14126,nm_001005353.2
db14126,nm_001199199.2
db14126,nm_000269.2
db14126,nm_001018137.3
db14126,nm_001257386.2
db00380,nm_001068.3
db00734,nm_000840.2
db09274,nm_001099856.5
db00335,nm_001004056.2
db00857,nm_000106.6
db00857,nm_001242758.1
db00363,nm_001007097.3
db00766,nm_001242758.1
db01602,nm_001242758.1
db00008,nm_001242758.1
db00415,nm_001242758.1
db01104,nm_001242758.1
db00208,nm_001242758.1
db00909,nm_001242758.1
db01590,nm_004958.4
db04948,nm_000106.6
db01268,nm_000418.4
db00199,nm_000392.5
db00199,nm_006446.5
db04896,nm_001113498.2
db04896,nm_000681.4
db00928,nm_001785.3
db01124,nm_000402.4
db06209,nm_022788.4
db00958,nm_001271534.3
db01118,nm_000106.6
db01118,nm_000775.4
db00563,nm_001244638.2
db08870,nm_001353765.1
db09063,nm_001353765.1
db11363,nm_001353765.1
db12267,nm_001353765.1
db12130,nm_001353765.1
db00060,nm_001080470.2
db00060,nm_001144822.1
db00060,nm_001166243.3
db00060,nm_001206696.1
db00060,nm_001243965.1
db04665,nm_000766.5
db00184,nm_000766.5
db01576,nm_000794.5
db00422,nm_000794.5
db00184,nm_000794.5
db00945,nm_000129.3
db00758,nm_000129.3
db01098,nm_000457.4
db01248,nm_000457.4
db00625,nm_000457.4
db00642,nm_001025366.3
db01268,nm_001025366.3
db04895,nm_001025366.3
db08896,nm_001025366.3
db00958,nm_001025366.3
db01234,nm_001025366.3
db01248,nm_001363850.1
db01041,nm_001363850.1
db00945,nm_000674.3
db01177,nm_006446.5
db01177,nm_000788.3
db01177,nm_000101.4
db01177,nm_000631.5
db01177,nm_001002009.2
db00563,nm_000636.4
db00313,nm_000636.4
db00736,nm_000771.4
db00736,nm_000106.6
db00582,nm_000392.5
db00582,nm_001349920.2
db00582,nm_001257386.2
db01073,nm_006446.5
db00363,nm_006252.4
db00313,nm_006252.4
db01268,nm_001077469.3
db00564,nm_001077469.3
db01248,nm_001077469.3
db00352,nm_001294161.2
db00352,nm_000883.4
db00352,nm_001199633.2
db00193,nm_001017387.1
db09076,nm_000106.6
db06148,nm_000106.6
db01101,nm_001286431.2
db00295,nm_000912.5
db00497,nm_000912.5
db01142,nm_000771.4
db00766,nm_001193431.2
db00766,nm_001243961.2
db00766,nm_019111.5
db00766,nm_001243965.1
db00437,nm_022469.4
db00422,nm_001201472.2
db00422,nm_001204063.1
db00422,nm_001146316.2
db00422,nm_015362.4
db00422,nm_002111.8
db00422,nm_001363233.1
db00422,nm_001367773.1
db00422,nm_001270695.1
db00422,nm_000487.6
db00422,nm_000795.4
db00422,nm_001281737.1
db00422,nm_001270364.1
db00422,nm_004860.4
db00422,nm_000834.4
db00422,nm_001190737.2
db00422,nm_001012393.3
db00422,nm_006849.3
db00422,nm_005859.5
db00422,nm_000360.4
db00422,nm_003435.5
db00422,nm_001265597.3
db00422,nm_001145548.2
db00422,nm_145167.3
db00422,nm_001320308.1
db00912,nm_001172811.2
db00813,nm_002240.5
db00295,nm_002240.5
db01418,nm_001308093.1
db06264,nm_000106.6
db12332,nm_001003931.3
db00526,nm_000546.5
db01101,nm_000546.5
db00445,nm_000546.5
db00712,nm_000771.4
db01182,nm_000106.6
db00008,nm_001134373.2
db00987,nm_001134373.2
db00468,nm_000771.4
db00468,nm_000106.6
db00468,nm_000402.4
db01234,nm_031476.4
db00831,nm_001018041.2
db00641,nm_000236.3
db00695,nm_000339.3
db00214,nm_000339.3
db00563,nm_000883.4
db00316,nm_001311193.2
db00945,nm_001311193.2
db00335,nm_001311193.2
db00623,nm_000106.6
db00227,nm_000392.5
db00227,nm_000771.4
db00227,nm_000106.6
db00227,nm_006446.5
db00227,nm_001349920.2
db00227,nm_001145211.3
db00227,nm_019093.2
db00227,nm_000463.2
db01195,nm_000334.4
db05812,nm_003167.4
db09073,nm_003167.4
db00316,nm_003167.4
db00541,nm_001199954.2
db06204,nm_001017387.1
db00958,nm_001005915.1
db01248,nm_001005915.1
db01590,nm_001163034.2
db00445,nm_005544.2
db01234,nm_001163940.2
db00563,nm_001163940.2
db01283,nm_001243961.2
db01283,nm_001243965.1
db00295,nm_001346487.2
db00999,nm_001365758.1
db00564,nm_006788.4
db00541,nm_006788.4
db00563,nm_001136021.3
db01008,nm_000771.4
db01008,nm_005157.6
db01008,nm_001330358.1
db01008,nm_001319059.2
db11560,nm_000771.4
db11560,nm_006446.5
db11560,nm_001184732.1
db00779,nm_000402.4
db04861,nm_000106.6
db14568,nm_001282386.1
db00441,nm_032526.2
db00343,nm_133373.5
db08893,nm_000106.6
db01411,nm_001282186.1
db01138,nm_021027.3
db06817,nm_021027.3
db00243,nm_000106.6
db00243,nm_003058.4
db00563,nm_001014986.3
db00563,nm_080866.3
db00363,nm_001318029.2
db00515,nm_001048171.1
db00215,nm_001204193.1
db00472,nm_001204193.1
db01104,nm_001204193.1
db01222,nm_001207019.2
db00471,nm_001282186.1
db00177,nm_006446.5
db00063,nm_000419.5
db00734,nm_001164749.2
db01114,nm_000106.6
db00898,nm_175737.4
db01438,nm_000402.4
db00262,nm_000402.4
db01059,nm_000402.4
db00945,nm_001007792.1
db00445,nm_001099402.2
db01030,nm_001368170.1
db00363,nm_001083585.3
db01914,nm_001083585.3
db00370,nm_001083585.3
db01224,nm_001083585.3
db00734,nm_001083585.3
db00313,nm_001083585.3
db00437,nm_001113226.2
db01212,nm_000392.5
db01212,nm_000402.4
db02659,nm_000784.4
db01248,nm_000779.4
db01041,nm_000779.4
db00296,nm_000402.4
db12371,nm_000771.4
db00999,nm_001008736.1
db00564,nm_001040109.2
db01168,nm_014805.4
db04946,nm_000614.4
db00484,nm_000682.7
db00988,nm_000682.7
db01064,nm_000682.7
db00368,nm_000682.7
db00723,nm_000678.4
db00484,nm_000681.4
db00734,nm_001037131.3
db00818,nm_001365536.1
db00958,nm_001004708.1
db00441,nm_001004708.1
db06199,nm_006446.5
db00063,nm_000212.2
db00063,nm_000509.5
db00520,nm_006446.5
db01101,nm_001318536.1
db00563,nm_001242366.3
db08844,nm_001317188.1
db08844,nm_005429.5
db01254,nm_000771.4
db06725,nm_000771.4
db08912,nm_000771.4
db08896,nm_000771.4
db05812,nm_000771.4
db09063,nm_000771.4
db04908,nm_000771.4
db05541,nm_000771.4
db12332,nm_000771.4
db06595,nm_000771.4
db01076,nm_000771.4
db01101,nm_000771.4
db00564,nm_000771.4
db00215,nm_000771.4
db00470,nm_000771.4
db00625,nm_000771.4
db00196,nm_000771.4
db00176,nm_000771.4
db00745,nm_000771.4
db01132,nm_000771.4
db00818,nm_000771.4
db00277,nm_000771.4
db00726,nm_000771.4
db00285,nm_000771.4
db08896,nm_021027.3
db00316,nm_021027.3
db00437,nm_021027.3
db01050,nm_021027.3
db00295,nm_021027.3
db00904,nm_021027.3
db00776,nm_021027.3
db00818,nm_021027.3
db00641,nm_021027.3
db00316,nm_001017389.1
db00295,nm_001017389.1
db00316,nm_000106.6
db00316,nm_000610.4
db00316,nm_002660.3
db00316,nm_005420.3
db00316,nm_001017387.1
db00316,nm_001243961.2
db00316,nm_019093.2
db00316,nm_007120.3
db00316,nm_001072.4
db00316,nm_019077.2
db00316,nm_001076.4
db00008,nm_003955.4
db00008,nm_000600.5
db00008,nm_001037631.3
db00008,nm_000785.4
db00008,nm_001289160.1
db00008,nm_001032409.3
db00008,nm_001346897.2
db00363,nm_000869.6
db08896,nm_001159920.2
db00515,nm_148961.4
db00515,nm_001253826.2
db00515,nm_001297590.2
db00515,nm_000125.3
db00515,nm_001076552.2
db00515,nm_000669.5
db00515,nm_001256686.2
db00515,nm_001509.2
db00515,nm_000850.5
db00515,nm_005921.2
db00515,nm_001110792.2
db00515,nm_001286691.2
db00515,nm_000251.2
db00515,nm_001145412.3
db00515,nm_002524.5
db00515,nm_001205206.3
db00515,nm_000314.7
db00515,nm_001100118.2
db00515,nm_001023587.3
db00734,nm_001018041.2
db00734,nm_001286838.1
db00734,nm_000834.4
db00734,nm_000844.4
db00734,nm_007232.3
db00734,nm_001102445.2
db00734,nm_004170.6
db00734,nm_000024.5
db00734,nm_001257386.2
db00734,nm_000463.2
db00734,nm_001278921.2
db00951,nm_012146.1
db00330,nm_006446.5
db08912,nm_001130442.2
db08912,nm_002524.5
db00958,nm_002524.5
db00441,nm_002524.5
db01189,nm_000540.2
db01189,nm_000069.3
db01248,nm_001253908.1
db00642,nm_004044.7
db00675,nm_001305581.2
db00675,nm_000506.4
db00675,nm_000130.4
db00675,nm_000926.4
db00675,nm_000103.4
db00675,nm_000875.5
db00675,nm_001102669.2
db00014,nm_000926.4
db09074,nm_000926.4
db04845,nm_000926.4
db11730,nm_000926.4
db12001,nm_000926.4
db01248,nm_000926.4
db00695,nm_001119.5
db00421,nm_001119.5
db00214,nm_001119.5
db00945,nm_000789.4
db01076,nm_000789.4
db00472,nm_000789.4
db00695,nm_000789.4
db00999,nm_000789.4
db00214,nm_000789.4
db01072,nm_000392.5
db01072,nm_000402.4
db00563,nm_001307985.2
db00619,nm_001346897.2
db02424,nm_001346897.2
db08896,nm_001346897.2
db05294,nm_001346897.2
db00958,nm_001346897.2
db01248,nm_001346897.2
db00441,nm_001346897.2
db09256,nm_001346897.2
db00630,nm_000431.4
db00215,nm_001278563.3
db00215,nm_018339.6
db00215,nm_001166247.1
db00215,nm_001320793.2
db00215,nm_001202475.1
db00215,nm_000170.2
db00215,nm_000828.4
db00215,nm_001282470.2
db00215,nm_000641.4
db01222,nm_001322284.1
db01204,nm_000788.3
db01577,nm_001161812.1
db01577,nm_000125.3
db01577,nm_001039583.1
db01577,nm_001024845.3
db01577,nm_001257328.2
db00961,nm_000402.4
db00839,nm_000402.4
db11940,nm_000402.4
db06782,nm_000402.4
db08912,nm_000402.4
db06795,nm_000402.4
db06608,nm_000402.4
db04909,nm_000402.4
db00613,nm_000402.4
db01161,nm_000402.4
db00537,nm_000402.4
db00359,nm_000402.4
db00259,nm_000402.4
db00795,nm_000402.4
db00619,nm_001204106.2
db01234,nm_001204106.2
db00669,nm_000787.4
db00669,nm_000795.4
db01101,nm_001122842.3
db01101,nm_001346075.2
db01101,nm_001130146.2
db01101,nm_005245.4
db01101,nm_001149.3
db01101,nm_001657.4
db01101,nm_000103.4
db01101,nm_000499.5
db01101,nm_004426.3
db01101,nm_001369786.1
db01101,nm_005907.4
db01101,nm_001205206.3
db01101,nm_000314.7
db01101,nm_000450.2
db01101,nm_006672.3
db01101,nm_001257386.2
db01101,nm_016327.3
db01101,nm_001318889.2
db00399,nm_000088.3
db00399,nm_000582.2
db00912,nm_001007225.3
db00912,nm_000525.3
db00912,nm_002500.4
db00987,nm_006446.5
db00987,nm_053002.5
db00987,nm_022788.4
db00987,nm_001193646.1
db00987,nm_000603.5
db00987,nm_001294161.2
db00987,nm_001033.5
db00987,nm_001034.4
db00987,nm_001002009.2
db00987,nm_001172477.1
db00987,nm_025225.3
db01268,nm_000141.4
db11958,nm_000141.4
db00883,nm_016243.3
db00642,nm_001330358.1
db00564,nm_001330358.1
db00190,nm_001330358.1
db00958,nm_001330358.1
db00363,nm_001330358.1
db00822,nm_001330358.1
db00441,nm_001330358.1
db06690,nm_001330358.1
db00313,nm_001330358.1
db00541,nm_001330358.1
db00361,nm_001330358.1
db00928,nm_001330358.1
db00945,nm_003265.2
db01050,nm_001077.3
db00541,nm_001256139.1
db00688,nm_001363683.2
db00563,nm_001018078.2
db00540,nm_001128431.4
db00540,nm_000681.4
db00571,nm_000024.5
db00898,nm_004122.2
db01076,nm_000623.3
db11783,nm_000623.3
db00208,nm_022788.4
db00208,nm_001243961.2
db00208,nm_001243965.1
db00945,nm_000960.4
db00068,nm_001144822.1
db00563,nm_001261.4
db11958,nm_001174063.2
db06290,nm_006446.5
db06290,nm_001349920.2
db11363,nm_001257386.2
db09128,nm_000106.6
db00335,nm_001001928.3
db01136,nm_001001928.3
db00295,nm_001318787.2
db00184,nm_001142929.1
db00776,nm_001243965.1
db00776,nm_019077.2
db00335,nm_001206897.1
db00999,nm_001206897.1
db00178,nm_000024.5
db06595,nm_000392.5
db06595,nm_000106.6
db06595,nm_006446.5
db06595,nm_002253.3
db06595,nm_000222.2
db06595,nm_001355016.2
db00363,nm_005399.5
db06819,nm_000050.4
db01005,nm_000050.4
db00945,nm_001145338.1
db00875,nm_001165412.2
db00613,nm_000499.5
db00480,nm_001098209.2
db01234,nm_001098209.2
db01041,nm_001098209.2
db08870,nm_001243.5
db00945,nm_001278563.3
db00441,nm_001103160.2
db00822,nm_000787.4
db00704,nm_000787.4
db00184,nm_000787.4
db00563,nm_001270622.2
db00813,nm_173653.4
db00813,nm_000228.3
db00813,nm_001172566.2
db00813,nm_021259.3
db00619,nm_005075.2
db00563,nm_005075.2
db01203,nm_005075.2
db00945,nm_000589.4
db00867,nm_000024.5
db01074,nm_000106.6
db01582,nm_000015.3
db04946,nm_001010848.4
db00190,nm_000790.4
db01098,nm_000545.6
db00945,nm_001061.6
db00310,nm_002422.5
db00335,nm_001135731.2
db01050,nm_000625.4
db00700,nm_000901.5
db00421,nm_000901.5
db00477,nm_000106.6
db00477,nm_000795.4
db00477,nm_001018041.2
db06772,nm_030773.3
db00968,nm_004994.3
db01275,nm_004994.3
db04630,nm_000336.3
db01248,nm_001351157.2
db00273,nm_001218.5
db00273,nm_000830.5
db00273,nm_001040142.2
db05294,nm_002253.3
db08839,nm_005723.4
db00335,nm_001040118.2
db00958,nm_001013836.2
db00619,nm_000443.4
db00619,nm_003654.6
db01005,nm_001145357.2
db06213,nm_000036.2
db00158,nm_000036.2
db00342,nm_000775.4
db06819,nm_001122633.3
db01914,nm_006446.5
db01030,nm_001257386.2
db05018,nm_000169.2
db01023,nm_001257386.2
db00441,nm_000139.5
db01069,nm_000106.6
db00184,nm_001166005.1
db00619,nm_001089.3
db00146,nm_024514.4
db00335,nm_080658.2
db00612,nm_080658.2
db00933,nm_000775.4
db00758,nm_024490.3
db11979,nm_006446.5
db02659,nm_001142777.2
db00999,nm_001297602.2
db00493,nm_001184732.1
db04173,nm_000221.3
db00594,nm_001039.4
db00695,nm_001039.4
db00999,nm_001039.4
db00214,nm_001039.4
db00384,nm_001039.4
db00718,nm_001199199.2
db01380,nm_000765.5
db00594,nm_001038.6
db00384,nm_001038.6
db06441,nm_022788.4
db01403,nm_000106.6
db00563,nm_001193646.1
db00541,nm_001193646.1
db00594,nm_000336.3
db05109,nm_000392.5
db00363,nm_001091.4
db00929,nm_006446.5
db00313,nm_001204144.3
db12233,nm_000015.3
db12233,nm_001257386.2
db01204,nm_001351306.2
db08820,nm_001142600.1
db00875,nm_000106.6
db00619,nm_000106.6
db01254,nm_000106.6
db01590,nm_000106.6
db00185,nm_000106.6
db01409,nm_000106.6
db00496,nm_000106.6
db09053,nm_000106.6
db05812,nm_000106.6
db09039,nm_000106.6
db04908,nm_000106.6
db05239,nm_000106.6
db14185,nm_000106.6
db12332,nm_000106.6
db06016,nm_000106.6
db00898,nm_000106.6
db00543,nm_000106.6
db00182,nm_000106.6
db00945,nm_000106.6
db01076,nm_000106.6
db00564,nm_000106.6
db00537,nm_000106.6
db00575,nm_000106.6
db01394,nm_000106.6
db00280,nm_000106.6
db00625,nm_000106.6
db00465,nm_000106.6
db00379,nm_000106.6
db00745,nm_000106.6
db00295,nm_000106.6
db00184,nm_000106.6
db01100,nm_000106.6
db01224,nm_000106.6
db00503,nm_000106.6
db00726,nm_000106.6
db00313,nm_000106.6
db06727,nm_000106.6
db00958,nm_000314.7
db00945,nm_000956.4
db00619,nm_000222.2
db01268,nm_000222.2
db00619,nm_001257386.2
db01098,nm_001257386.2
db01254,nm_001257386.2
db08912,nm_001257386.2
db12332,nm_001257386.2
db12267,nm_001257386.2
db06605,nm_001257386.2
db00363,nm_001257386.2
db01248,nm_001257386.2
db00625,nm_001257386.2
db01137,nm_001257386.2
db00641,nm_001257386.2
db07615,nm_000463.2
db08896,nm_000463.2
db12332,nm_000463.2
db11967,nm_000463.2
db00437,nm_000463.2
db01076,nm_000463.2
db00958,nm_000463.2
db00363,nm_000463.2
db01234,nm_000463.2
db00625,nm_000463.2
db00904,nm_000463.2
db00641,nm_000463.2
db00619,nm_001349920.2
db01098,nm_001349920.2
db01268,nm_001349920.2
db08912,nm_001349920.2
db12332,nm_001349920.2
db01076,nm_001349920.2
db00958,nm_001349920.2
db00563,nm_001349920.2
db00641,nm_001349920.2
db00619,nm_005157.6
db01254,nm_005157.6
db04865,nm_005157.6
db00541,nm_005157.6
db00176,nm_001113498.2
db00176,nm_001361665.2
db01248,nm_006446.5
db01248,nm_000125.3
db01248,nm_001321770.2
db01248,nm_000015.3
db01248,nm_001076552.2
db01248,nm_000103.4
db01248,nm_000499.5
db01248,nm_000120.4
db01248,nm_005921.2
db01248,nm_001204171.1
db01248,nm_000452.3
db01248,nm_001171818.2
db01248,nm_006406.2
db01248,nm_000977.3
db01248,nm_001100118.2
db01248,nm_001079528.4
db01248,nm_000052.7
db01268,nm_000603.5
db00125,nm_000603.5
db00945,nm_000603.5
db01076,nm_000603.5
db00999,nm_000603.5
db01050,nm_000603.5
db00563,nm_000603.5
db00421,nm_000603.5
db00541,nm_000603.5
db00441,nm_032834.4
db00441,nm_006446.5
db00441,nm_001319292.2
db00441,nm_001297590.2
db00441,nm_001039492.3
db00441,nm_001076552.2
db00441,nm_001256856.1
db00441,nm_001323374.2
db00441,nm_001253.4
db00441,nm_001145775.2
db00441,nm_001509.2
db00441,nm_001171805.3
db00441,nm_006248.4
db00441,nm_001291997.2
db00441,nm_001204406.1
db06151,nm_000120.4
db00437,nm_001321193.2
db00437,nm_001173531.2
db00437,nm_019093.2
db00437,nm_007120.3
db00437,nm_001072.4
db00437,nm_019077.2
db00641,nm_000392.5
db00641,nm_001313941.2
db00641,nm_005502.4
db00641,nm_000101.4
db00641,nm_000540.2
db00641,nm_001243965.1
db00641,nm_001363567.1
db00641,nm_001145211.3
db00641,nm_019093.2
db00641,nm_000069.3
db01048,nm_000669.5
db00898,nm_000669.5
db00958,nm_000691.5
db00313,nm_001080.3
db00619,nm_000392.5
db00642,nm_000392.5
db00526,nm_000392.5
db11184,nm_000392.5
db01098,nm_000392.5
db01609,nm_000392.5
db00625,nm_000392.5
db00445,nm_000392.5
db00503,nm_000392.5
db01028,nm_000540.2
db01028,nm_000069.3
db12257,nm_000400.3
db00563,nm_000400.3
db01234,nm_000740.3
db01234,nm_001294161.2
db01234,nm_005242.6
db01234,nm_002253.3
db13125,nm_000506.4
db00186,nm_001076.4
db00313,nm_001076.4
db08912,nm_001184732.1
db12332,nm_001184732.1
db00563,nm_001184732.1
db00898,nm_001363563.1
db01224,nm_001102445.2
db00246,nm_001102445.2
db00335,nm_001135057.3
db00335,nm_001385.3
db00335,nm_001080432.3
db00335,nm_002738.7
db00335,nm_001270616.2
db00335,nm_000681.4
db00526,nm_001007225.3
db00526,nm_001302769.2
db00526,nm_033225.6
db00526,nm_001486.4
db00526,nm_001282425.1
db00526,nm_001369786.1
db00526,nm_005946.3
db00526,nm_006221.3
db00526,nm_000450.2
db00526,nm_001100118.2
db00526,nm_001023587.3
db00728,nm_006446.5
db00728,nm_000540.2
db01288,nm_000024.5
db01409,nm_000024.5
db01064,nm_000024.5
db00564,nm_005527.4
db00472,nm_001145146.2
db00472,nm_000872.5
db01076,nm_005502.4
db01076,nm_000540.2
db01076,nm_001243965.1
db01076,nm_001145211.3
db01076,nm_019093.2
db01076,nm_000069.3
db01175,nm_001145775.2
db00279,nm_001145775.2
db01242,nm_001145775.2
db00363,nm_001145775.2
db13125,nm_000130.4
db12257,nm_000458.4
db12257,nm_001285439.2
db12257,nm_001025158.2
db12257,nm_000123.3
db12257,nm_001145454.3
db12257,nm_006297.2
db00471,nm_145867.2
db00471,nm_001082533.1
db00471,nm_001286691.2
db00471,nm_019093.2
db00471,nm_022479.3
db01609,nm_019093.2
db01418,nm_001130674.3
db00541,nm_001301132.2
db01077,nm_000088.3
db00282,nm_000582.2
db01409,nm_000499.5
db00619,nm_001205206.3
db00642,nm_001205206.3
db00293,nm_001205206.3
db00958,nm_001205206.3
db00158,nm_001205206.3
db00795,nm_001205206.3
db00958,nm_005921.2
db00999,nm_001300950.1
db00503,nm_001128916.1
db00503,nm_001321065.2
db00503,nm_000040.3
db00999,nm_003061.3
db00695,nm_000498.3
db01050,nm_001441.3
db01050,nm_001297615.2
db01050,nm_019093.2
db00541,nm_015180.5
db00541,nm_000633.2
db00541,nm_001294161.2
db00541,nm_000101.4
db00541,nm_001319059.2
db00541,nm_000631.5
db00541,nm_025225.3
db00118,nm_000367.4
db00945,nm_001122847.3
db00999,nm_001163315.2
db01268,nm_001355016.2
db01268,nm_001308122.1
db00445,nm_005027.4
db00289,nm_001043.3
db00285,nm_001043.3
db00999,nm_033225.6
db00301,nm_001243961.2
db12160,nm_001243961.2
db06623,nm_001243961.2
db01048,nm_001243961.2
db00945,nm_001243961.2
db00564,nm_001243961.2
db00988,nm_000678.4
db00988,nm_000681.4
db00958,nm_001859.4
db00368,nm_000678.4
db00368,nm_000681.4
db00158,nm_003266.4
db00563,nm_003266.4
db01204,nm_001253826.2
db09074,nm_000059.3
db12332,nm_000059.3
db13919,nm_000498.3
db00421,nm_000498.3
db01590,nm_000368.4
db00945,nm_000368.4
db01048,nm_000668.6
db01048,nm_001123.3
db01048,nm_000595.4
db01048,nm_002341.1
db01048,nm_001243965.1
db00310,nm_006172.4
db00310,nm_000029.4
db00958,nm_001293306.2
db07615,nm_001001290.1
db00758,nm_005502.4
db00633,nm_002738.7
db00563,nm_001193431.2
db00563,nm_001270507.2
db00068,nm_001166243.3
db00445,nm_001486.4
db00197,nm_006446.5
db00999,nm_001042517.2
db11958,nm_002253.3
db08860,nm_001243965.1
db01098,nm_003742.4
db00818,nm_000806.5
db00285,nm_001291985.1
db01041,nm_001079528.4
db02546,nm_001273.5
db00619,nm_000774.5
db01367,nm_000795.4
db00945,nm_145867.2
db00563,nm_001012270.2
db00254,nm_000125.3
db01175,nm_001329754.2
db09074,nm_000125.3
db09074,nm_001005862.2
db00700,nm_000701.8
db00928,nm_006297.2
db00068,nm_001206696.1
db00445,nm_001270476.2
db12001,nm_000125.3
db12001,nm_001005862.2
db05812,nm_000102.4
db00851,nm_014805.4
db00246,nm_001111097.3
db00642,nm_000819.5
db00563,nm_000819.5
db00765,nm_000360.4
db00363,nm_001165038.2
db00246,nm_001252338.2
db00246,nm_001206615.2
db00999,nm_001288713.1
db00999,nm_001244585.1
db00266,nm_000903.3
db00363,nm_002217.3
db00445,nm_173481.4
db00313,nm_001136041.3
db01098,nm_004497.3
db00898,nm_000689.5
db00958,nm_000689.5
db11672,nm_000492.3
db00891,nm_000015.3
db11640,nm_000015.3
db00945,nm_000015.3
db00625,nm_000015.3
db01041,nm_000015.3
db00295,nm_007120.3
db00904,nm_007120.3
db00313,nm_007120.3
db00014,nm_006446.5
db08912,nm_006446.5
db12332,nm_006446.5
db00445,nm_006446.5
db01204,nm_006446.5
db00619,nm_001355016.2
db00563,nm_001010881.2
db00563,nm_001350748.2
db00563,nm_001145468.3
db00563,nm_006886.4
db00563,nm_001294161.2
db00563,nm_030582.4
db00563,nm_000118.3
db00563,nm_000802.3
db00563,nm_014219.2
db00563,nm_000903.3
db00563,nm_005516.6
db00563,nm_001199633.2
db00363,nm_001024074.3
db00363,nm_001018041.2
db00363,nm_001441.3
db00363,nm_002054.5
db00363,nm_000834.4
db00363,nm_001044.5
db00363,nm_001045.6
db00363,nm_000915.4
db00363,nm_002121.6
db00363,nm_022555.3
db00363,nm_004170.6
db00363,nm_001278921.2
db00921,nm_001045.6
db01242,nm_001045.6
db00904,nm_001045.6
db01224,nm_001045.6
db08912,nm_001369786.1
db08912,nm_001243965.1
db08896,nm_001369786.1
db00289,nm_000872.5
db00285,nm_000872.5
db00295,nm_019093.2
db00904,nm_019093.2
db00313,nm_019093.2
db00904,nm_001072.4
db00904,nm_019077.2
db00182,nm_000795.4
db00182,nm_001044.5
db01006,nm_000103.4
db00285,nm_000811.3
db00285,nm_000828.4
db00285,nm_001282470.2
db01224,nm_001018041.2
db01224,nm_001441.3
db01224,nm_000834.4
db01224,nm_001278921.2
db00564,nm_001098534.2
db00564,nm_000499.5
db00564,nm_000595.4
db00564,nm_000247.3
db00564,nm_001173531.2
db00564,nm_014068.3
db00564,nm_001243965.1
db00619,nm_001099436.4
db00619,nm_000903.3
db00619,nm_001308122.1
db00619,nm_001252274.3
db01098,nm_001289020.3
db00282,nm_000088.3
db00313,nm_005622.4
db00295,nm_001670.3
db00295,nm_001072.4
db00295,nm_019077.2
db00313,nm_000088.3
db09256,nm_024091.4
db09256,nm_001364440.2
db00313,nm_000834.4
db01169,nm_002675.3
db00246,nm_001350748.2
db00158,nm_001267623.2
db00158,nm_001364440.2
db11783,nm_000029.4
db00945,nm_001319100.2
db00945,nm_000957.2
db00945,nm_002121.6
db01169,nm_005946.3
db00313,nm_001122633.3
db00445,nm_001007225.3
db00445,nm_014366.5
db00445,nm_001195194.1
db00445,nm_000103.4
db00445,nm_002015.4
db00445,nm_001142556.2
db00445,nm_001204171.1
db00445,nm_014248.4
db01175,nm_000641.4
db01064,nm_000681.4
db00718,nm_001018137.3
db00718,nm_000269.2
db01204,nm_001110792.2
db00758,nm_013240.6
db00958,nm_006297.2
db01590,nm_001242466.2
db00379,nm_000334.4
db00958,nm_000637.5
db04946,nm_001201573.1
db04946,nm_001025087.2
db00361,nm_001145454.3
db00301,nm_019111.5
db00301,nm_001243965.1
db00384,nm_000336.3
db06510,nm_001168319.2
db01109,nm_022555.3
db00184,nm_133445.2
db00313,nm_001126131.2
db00014,nm_000125.3
db01273,nm_001128833.2
db01273,nm_000747.3
db05812,nm_003309.3
db00180,nm_001270484.1
db01175,nm_018339.6
db00822,nm_000795.4
db00958,nm_001509.2
db02659,nm_000780.4
db00184,nm_000749.5
db01041,nm_000452.3
db04845,nm_000125.3
db04845,nm_001005862.2
db00945,nm_001005417.2
db00758,nm_001005417.2
db00880,nm_001166107.1
db00999,nm_001166107.1
db11730,nm_000125.3
db11730,nm_001005862.2
db01041,nm_001321770.2
db02659,nm_001163817.2
db01041,nm_000052.7
db06623,nm_001243965.1
db00184,nm_000795.4
db00818,nm_000795.4
db00480,nm_002253.3
db08896,nm_002253.3
db00945,nm_001072.4
db00313,nm_001072.4
db00753,nm_000069.3
db00625,nm_001243965.1
db00202,nm_000540.2
db00898,nm_000668.6
db01098,nm_000069.3
db00202,nm_000069.3
db01590,nm_000125.3
db09073,nm_000125.3
db00539,nm_000125.3
db00999,nm_001135057.3
db00999,nm_001080432.3
db00999,nm_000862.3
db00999,nm_002737.3
db00999,nm_001098536.2
db00999,nm_016397.2
db00999,nm_000029.4
db00945,nm_001040623.3
db00945,nm_006345.4
db00945,nm_001083899.2
db00945,nm_002660.3
db00945,nm_001243965.1
db00945,nm_000029.4
db00620,nm_001145146.2
db00313,nm_001105069.2
db00313,nm_001324371.2
db00313,nm_000499.5
db00313,nm_001079539.1
db00313,nm_000720.4
db00851,nm_000499.5
db01175,nm_000170.2
db01233,nm_016243.3
db01590,nm_001005862.2
db09073,nm_001005862.2
db00958,nm_001005862.2
db00958,nm_001076552.2
db00958,nm_000053.4
db00718,nm_001005353.2
db01064,nm_000678.4
db00388,nm_000678.4
db01098,nm_001243965.1
db12160,nm_001243965.1
db00068,nm_001080470.2
db00654,nm_000959.4
db01041,nm_001171818.2
db01041,nm_001361665.2
db01041,nm_000977.3
db00881,nm_000029.4
db00480,nm_001361665.2
db01590,nm_001272042.1
db01590,nm_000548.5
db12332,nm_001618.4
db00909,nm_001218.5
db00818,nm_000807.4
