hsa-mir-302a-3p,9606.ensp00000363314
hsa-mir-181b-5p,9606.ensp00000363314
hsa-mir-301a-5p,9606.ensp00000363314
hsa-mir-1244,9606.ensp00000363314
hsa-mir-367-5p,9606.ensp00000363314
hsa-let-7i-5p,9606.ensp00000363314
hsa-mir-615-5p,9606.ensp00000363314
hsa-mir-548k,9606.ensp00000363314
hsa-mir-125a-3p,9606.ensp00000363314
hsa-let-7f-5p,9606.ensp00000363314
hsa-mir-26a-5p,9606.ensp00000363314
hsa-mir-10a-3p,9606.ensp00000363314
hsa-mir-16-2-3p,9606.ensp00000363314
hsa-mir-19a-3p,9606.ensp00000363314
hsa-mir-25-3p,9606.ensp00000363314
hsa-let-7d-3p,9606.ensp00000363314
hsa-mir-652-5p,9606.ensp00000363314
hsa-mir-302b-3p,9606.ensp00000363314
hsa-mir-25-5p,9606.ensp00000363314
hsa-mir-186-5p,9606.ensp00000363314
hsa-mir-1226-3p,9606.ensp00000363314
hsa-mir-367-3p,9606.ensp00000363314
hsa-mir-652-3p,9606.ensp00000363314
hsa-mir-374a-3p,9606.ensp00000363314
hsa-mir-30e-5p,9606.ensp00000363314
hsa-mir-671-3p,9606.ensp00000363314
hsa-mir-3620,9606.ensp00000363314
hsa-mir-29b-2-5p,9606.ensp00000363314
hsa-mir-93-5p,9606.ensp00000363314
hsa-let-7e-3p,9606.ensp00000363314
hsa-mir-34a-5p,9606.ensp00000363314
hsa-mir-92a-1-5p,9606.ensp00000363314
hsa-mir-20b-5p,9606.ensp00000363314
hsa-mir-1307-3p,9606.ensp00000363314
hsa-mir-1910,9606.ensp00000363314
hsa-mir-1248,9606.ensp00000363314
hsa-mir-324-3p,9606.ensp00000363314
hsa-mir-34c-5p,9606.ensp00000363314
hsa-mir-193b-5p,9606.ensp00000363314
hsa-mir-30a-5p,9606.ensp00000363314
hsa-mir-10a-5p,9606.ensp00000363314
hsa-mir-98,9606.ensp00000363314
hsa-let-7d-5p,9606.ensp00000363314
hsa-mir-598,9606.ensp00000363314
hsa-mir-1247-5p,9606.ensp00000363314
hsa-mir-125a-5p,9606.ensp00000363314
hsa-mir-615-3p,9606.ensp00000363314
hsa-mir-200c-5p,9606.ensp00000363314
hsa-mir-302a-5p,9606.ensp00000363314
hsa-mir-3137,9606.ensp00000363314
hsa-mir-106b-3p,9606.ensp00000363314
hsa-mir-877-5p,9606.ensp00000363314
hsa-mir-20a-3p,9606.ensp00000363314
hsa-let-7b-5p,9606.ensp00000363314
hsa-mir-100-5p,9606.ensp00000363314
hsa-mir-106b-5p,9606.ensp00000363314
hsa-mir-448,9606.ensp00000363314
hsa-let-7a-5p,9606.ensp00000363314
hsa-mir-302b-5p,9606.ensp00000363314
hsa-mir-302d-3p,9606.ensp00000363314
hsa-mir-181b-3p,9606.ensp00000363314
hsa-mir-1307-5p,9606.ensp00000363314
hsa-mir-186-3p,9606.ensp00000363314
hsa-let-7e-5p,9606.ensp00000363314
hsa-let-7g-5p,9606.ensp00000363314
hsa-mir-20b-3p,9606.ensp00000363314
hsa-mir-182-5p,9606.ensp00000363314
hsa-mir-19a-5p,9606.ensp00000363314
hsa-mir-30a-3p,9606.ensp00000363314
hsa-mir-1291,9606.ensp00000363314
hsa-mir-3654,9606.ensp00000363314
hsa-mir-16-5p,9606.ensp00000363314
hsa-mir-103a-2-5p,9606.ensp00000363314
hsa-mir-200c-3p,9606.ensp00000363314
hsa-let-7c,9606.ensp00000363314
hsa-mir-663a,9606.ensp00000363314
hsa-let-7g,9606.ensp00000344401
hsa-mir-34a-3p,9606.ensp00000363314
hsa-mir-30e-3p,9606.ensp00000363314
hsa-mir-20a-5p,9606.ensp00000363314
hsa-mir-301a-3p,9606.ensp00000363314
hsa-mir-101-5p,9606.ensp00000363314
hsa-mir-93-3p,9606.ensp00000363314
hsa-mir-193b-3p,9606.ensp00000363314
hsa-mir-324-5p,9606.ensp00000363314
hsa-mir-1306-5p,9606.ensp00000363314
hsa-mir-19b-1-5p,9606.ensp00000363314
hsa-mir-374a-5p,9606.ensp00000363314
hsa-mir-671-5p,9606.ensp00000363314
hsa-mir-302c-3p,9606.ensp00000363314
hsa-mir-302c-5p,9606.ensp00000363314
hsa-mir-302d-5p,9606.ensp00000363314
hsa-mir-155,9606.ensp00000220592
hsa-mir-106b,9606.ensp00000242057
hsa-mir-132,9606.ensp00000242057
hsa-mir-212,9606.ensp00000242057
hsa-mir-25,9606.ensp00000242057
hsa-mir-93,9606.ensp00000242057
hsa-let-7e,9606.ensp00000451828
hsa-mir-155,9606.ensp00000451828
hsa-mir-181c,9606.ensp00000451828
hsa-mir-22,9606.ensp00000451828
hsa-mir-200a,9606.ensp00000375892
hsa-mir-200b,9606.ensp00000375892
hsa-mir-200c,9606.ensp00000375892
hsa-mir-22,9606.ensp00000375892
hsa-mir-22,9606.ensp00000263826
hsa-mir-223,9606.ensp00000300305
hsa-mir-101-2,9606.ensp00000245919
hsa-mir-155,9606.ensp00000245919
hsa-mir-199a-2,9606.ensp00000245919
hsa-mir-206,9606.ensp00000245919
hsa-mir-21,9606.ensp00000245919
hsa-mir-24-1,9606.ensp00000245919
hsa-mir-27b,9606.ensp00000245919
hsa-mir-29a,9606.ensp00000245919
hsa-mir-29b-1,9606.ensp00000245919
hsa-mir-30a,9606.ensp00000245919
hsa-mir-34c,9606.ensp00000245919
hsa-mir-125b-2,9606.ensp00000216714
hsa-mir-133b,9606.ensp00000216714
hsa-let-7c,9606.ensp00000285930
hsa-mir-1-2,9606.ensp00000285930
hsa-mir-125b-2,9606.ensp00000285930
hsa-mir-133b,9606.ensp00000285930
hsa-mir-145,9606.ensp00000285930
hsa-mir-17,9606.ensp00000285930
hsa-mir-182,9606.ensp00000285930
hsa-mir-18a,9606.ensp00000285930
hsa-mir-190a,9606.ensp00000285930
hsa-mir-19a,9606.ensp00000285930
hsa-mir-19b-1,9606.ensp00000285930
hsa-mir-20a,9606.ensp00000285930
hsa-mir-21,9606.ensp00000285930
hsa-mir-216a,9606.ensp00000285930
hsa-mir-27a,9606.ensp00000285930
hsa-mir-32,9606.ensp00000285930
hsa-mir-539,9606.ensp00000285930
hsa-mir-92a-1,9606.ensp00000285930
hsa-mir-99a,9606.ensp00000285930
hsa-mir-106b,9606.ensp00000340900
hsa-mir-25,9606.ensp00000340900
hsa-mir-93,9606.ensp00000340900
hsa-mir-141,9606.ensp00000332293
hsa-mir-200a,9606.ensp00000332293
hsa-mir-200b,9606.ensp00000332293
hsa-mir-200c,9606.ensp00000332293
hsa-mir-429,9606.ensp00000332293
hsa-mir-375,9606.ensp00000376204
hsa-mir-199a-2,9606.ensp00000344352
hsa-mir-590,9606.ensp00000344352
hsa-mir-106b,9606.ensp00000336790
hsa-mir-25,9606.ensp00000336790
hsa-mir-93,9606.ensp00000336790
hsa-mir-126,9606.ensp00000304676
hsa-mir-221,9606.ensp00000304676
hsa-mir-221,9606.ensp00000376902
hsa-mir-222,9606.ensp00000376902
hsa-mir-29c,9606.ensp00000250405
hsa-mir-155,9606.ensp00000384371
hsa-mir-361,9606.ensp00000384371
hsa-mir-155,9606.ensp00000303507
hsa-let-7i,9606.ensp00000365851
hsa-mir-141,9606.ensp00000365851
hsa-mir-200c,9606.ensp00000365851
hsa-mir-31,9606.ensp00000365851
hsa-mir-24-1,9606.ensp00000368104
hsa-mir-31,9606.ensp00000368104
hsa-mir-145,9606.ensp00000245451
hsa-mir-200a,9606.ensp00000245451
hsa-mir-200b,9606.ensp00000245451
hsa-mir-200c,9606.ensp00000245451
hsa-mir-205,9606.ensp00000245451
hsa-mir-21,9606.ensp00000283147
hsa-mir-17,9606.ensp00000361107
hsa-mir-18a,9606.ensp00000361107
hsa-mir-19a,9606.ensp00000361107
hsa-mir-19b-1,9606.ensp00000361107
hsa-mir-20a,9606.ensp00000361107
hsa-mir-21,9606.ensp00000361107
hsa-mir-92a-1,9606.ensp00000361107
hsa-mir-21,9606.ensp00000401907
hsa-mir-146a,9606.ensp00000418960
hsa-mir-146b,9606.ensp00000418960
hsa-mir-152,9606.ensp00000418960
hsa-mir-155,9606.ensp00000418960
hsa-mir-205,9606.ensp00000418960
hsa-mir-593,9606.ensp00000418960
hsa-mir-99b,9606.ensp00000418960
hsa-mir-146a,9606.ensp00000263377
hsa-mir-155,9606.ensp00000263377
hsa-mir-141,9606.ensp00000378181
hsa-mir-155,9606.ensp00000296435
hsa-mir-221,9606.ensp00000415151
hsa-mir-9-1,9606.ensp00000216133
hsa-mir-9-2,9606.ensp00000216133
hsa-mir-17,9606.ensp00000227507
hsa-mir-18a,9606.ensp00000227507
hsa-mir-19a,9606.ensp00000227507
hsa-mir-19b-1,9606.ensp00000227507
hsa-mir-20a,9606.ensp00000227507
hsa-mir-92a-1,9606.ensp00000227507
hsa-mir-141,9606.ensp00000257904
hsa-mir-146b,9606.ensp00000257904
hsa-mir-182,9606.ensp00000353864
hsa-mir-183,9606.ensp00000353864
hsa-mir-96,9606.ensp00000353864
hsa-mir-141,9606.ensp00000418915
hsa-mir-146b,9606.ensp00000418915
hsa-mir-410,9606.ensp00000418915
hsa-mir-215,9606.ensp00000231656
hsa-mir-615,9606.ensp00000370408
hsa-let-7a-1,9606.ensp00000427514
hsa-let-7a-2,9606.ensp00000427514
hsa-mir-100,9606.ensp00000427514
hsa-mir-101-2,9606.ensp00000427514
hsa-mir-122,9606.ensp00000427514
hsa-mir-125b-1,9606.ensp00000427514
hsa-mir-134,9606.ensp00000427514
hsa-mir-182,9606.ensp00000427514
hsa-mir-223,9606.ensp00000427514
hsa-mir-29a,9606.ensp00000427514
hsa-mir-30c-1,9606.ensp00000427514
hsa-mir-30c-2,9606.ensp00000427514
hsa-mir-34a,9606.ensp00000427514
hsa-mir-143,9606.ensp00000305422
hsa-mir-145,9606.ensp00000305422
hsa-mir-146b,9606.ensp00000305422
hsa-mir-17,9606.ensp00000305422
hsa-mir-181c,9606.ensp00000305422
hsa-mir-18a,9606.ensp00000305422
hsa-mir-198,9606.ensp00000305422
hsa-mir-19a,9606.ensp00000305422
hsa-mir-19b-1,9606.ensp00000305422
hsa-mir-20a,9606.ensp00000305422
hsa-mir-223,9606.ensp00000305422
hsa-mir-31,9606.ensp00000305422
hsa-mir-424,9606.ensp00000305422
hsa-mir-503,9606.ensp00000305422
hsa-mir-542,9606.ensp00000305422
hsa-mir-92a-1,9606.ensp00000305422
hsa-mir-193b,9606.ensp00000386165
hsa-mir-193b,9606.ensp00000003084
hsa-mir-132,9606.ensp00000387699
hsa-mir-148a,9606.ensp00000387699
hsa-mir-15b,9606.ensp00000387699
hsa-mir-21,9606.ensp00000387699
hsa-mir-212,9606.ensp00000387699
hsa-mir-23a,9606.ensp00000387699
hsa-mir-302a,9606.ensp00000387699
hsa-mir-320a,9606.ensp00000387699
hsa-mir-335,9606.ensp00000387699
hsa-mir-373,9606.ensp00000387699
hsa-mir-630,9606.ensp00000387699
hsa-mir-9-1,9606.ensp00000387699
hsa-mir-9-2,9606.ensp00000387699
hsa-mir-21,9606.ensp00000262367
hsa-mir-125b-1,9606.ensp00000264010
hsa-mir-375,9606.ensp00000264010
hsa-mir-124-1,9606.ensp00000344456
hsa-mir-124-2,9606.ensp00000344456
hsa-mir-124-3,9606.ensp00000344456
hsa-mir-146a,9606.ensp00000344456
hsa-mir-150,9606.ensp00000344456
hsa-mir-182,9606.ensp00000344456
hsa-mir-183,9606.ensp00000344456
hsa-mir-30e,9606.ensp00000344456
hsa-mir-34a,9606.ensp00000344456
hsa-mir-372,9606.ensp00000344456
hsa-mir-373,9606.ensp00000344456
hsa-mir-770,9606.ensp00000344456
hsa-mir-96,9606.ensp00000344456
hsa-mir-214,9606.ensp00000353401
hsa-mir-122,9606.ensp00000284878
hsa-mir-708,9606.ensp00000448665
hsa-mir-182,9606.ensp00000225792
hsa-mir-21,9606.ensp00000225792
hsa-mir-200b,9606.ensp00000368667
hsa-mir-143,9606.ensp00000478754
hsa-mir-145,9606.ensp00000478754
hsa-mir-205,9606.ensp00000256495
hsa-mir-9-3,9606.ensp00000222598
hsa-mir-142,9606.ensp00000352516
hsa-mir-148a,9606.ensp00000352516
hsa-mir-150,9606.ensp00000352516
hsa-mir-152,9606.ensp00000352516
hsa-mir-184,9606.ensp00000352516
hsa-mir-200a,9606.ensp00000352516
hsa-mir-200b,9606.ensp00000352516
hsa-mir-23b,9606.ensp00000352516
hsa-mir-27b,9606.ensp00000352516
hsa-mir-296,9606.ensp00000352516
hsa-mir-30a,9606.ensp00000352516
hsa-mir-429,9606.ensp00000352516
hsa-let-7b,9606.ensp00000264709
hsa-mir-29a,9606.ensp00000264709
hsa-mir-29b-1,9606.ensp00000264709
hsa-mir-217,9606.ensp00000328547
hsa-mir-29a,9606.ensp00000328547
hsa-mir-29b-1,9606.ensp00000328547
hsa-mir-495,9606.ensp00000344432
hsa-mir-223,9606.ensp00000436901
hsa-mir-21,9606.ensp00000257600
hsa-let-7i,9606.ensp00000345571
hsa-mir-106a,9606.ensp00000345571
hsa-mir-106b,9606.ensp00000345571
hsa-mir-15a,9606.ensp00000345571
hsa-mir-15b,9606.ensp00000345571
hsa-mir-16-1,9606.ensp00000345571
hsa-mir-16-2,9606.ensp00000345571
hsa-mir-17,9606.ensp00000345571
hsa-mir-184,9606.ensp00000345571
hsa-mir-18a,9606.ensp00000345571
hsa-mir-18b,9606.ensp00000345571
hsa-mir-195,9606.ensp00000345571
hsa-mir-19a,9606.ensp00000345571
hsa-mir-19b-1,9606.ensp00000345571
hsa-mir-19b-2,9606.ensp00000345571
hsa-mir-202,9606.ensp00000345571
hsa-mir-20a,9606.ensp00000345571
hsa-mir-20b,9606.ensp00000345571
hsa-mir-223,9606.ensp00000345571
hsa-mir-224,9606.ensp00000345571
hsa-mir-23b,9606.ensp00000345571
hsa-mir-24-1,9606.ensp00000345571
hsa-mir-25,9606.ensp00000345571
hsa-mir-27b,9606.ensp00000345571
hsa-mir-29a,9606.ensp00000345571
hsa-mir-34c,9606.ensp00000345571
hsa-mir-363,9606.ensp00000345571
hsa-mir-4496,9606.ensp00000345571
hsa-mir-449a,9606.ensp00000345571
hsa-mir-449b,9606.ensp00000345571
hsa-mir-449c,9606.ensp00000345571
hsa-mir-452,9606.ensp00000345571
hsa-mir-519d,9606.ensp00000345571
hsa-mir-92a-1,9606.ensp00000345571
hsa-mir-92a-2,9606.ensp00000345571
hsa-mir-93,9606.ensp00000345571
hsa-mir-17,9606.ensp00000355249
hsa-mir-18a,9606.ensp00000355249
hsa-mir-19a,9606.ensp00000355249
hsa-mir-19b-1,9606.ensp00000355249
hsa-mir-20a,9606.ensp00000355249
hsa-mir-25,9606.ensp00000355249
hsa-mir-92a-1,9606.ensp00000355249
hsa-let-7i,9606.ensp00000262904
hsa-mir-106b,9606.ensp00000262904
hsa-mir-15a,9606.ensp00000262904
hsa-mir-15b,9606.ensp00000262904
hsa-mir-17,9606.ensp00000262904
hsa-mir-18a,9606.ensp00000262904
hsa-mir-195,9606.ensp00000262904
hsa-mir-19a,9606.ensp00000262904
hsa-mir-19b-1,9606.ensp00000262904
hsa-mir-200b,9606.ensp00000262904
hsa-mir-20a,9606.ensp00000262904
hsa-mir-25,9606.ensp00000262904
hsa-mir-27b,9606.ensp00000262904
hsa-mir-34a,9606.ensp00000262904
hsa-mir-92a-1,9606.ensp00000262904
hsa-mir-193a,9606.ensp00000370936
hsa-mir-15a,9606.ensp00000323246
hsa-mir-25,9606.ensp00000323246
hsa-mir-27b,9606.ensp00000323246
hsa-mir-141,9606.ensp00000263360
hsa-mir-146a,9606.ensp00000263360
hsa-mir-155,9606.ensp00000263360
hsa-mir-200a,9606.ensp00000263360
hsa-mir-200b,9606.ensp00000263360
hsa-mir-200c,9606.ensp00000263360
hsa-mir-429,9606.ensp00000263360
hsa-mir-1-1,9606.ensp00000275493
hsa-mir-21,9606.ensp00000275493
hsa-mir-96,9606.ensp00000275493
hsa-let-7e,9606.ensp00000239938
hsa-mir-106a,9606.ensp00000239938
hsa-mir-10a,9606.ensp00000239938
hsa-mir-124-3,9606.ensp00000239938
hsa-mir-125a,9606.ensp00000239938
hsa-mir-130b,9606.ensp00000239938
hsa-mir-132,9606.ensp00000239938
hsa-mir-142,9606.ensp00000239938
hsa-mir-146b,9606.ensp00000239938
hsa-mir-148a,9606.ensp00000239938
hsa-mir-149,9606.ensp00000239938
hsa-mir-152,9606.ensp00000239938
hsa-mir-181c,9606.ensp00000239938
hsa-mir-181d,9606.ensp00000239938
hsa-mir-183,9606.ensp00000239938
hsa-mir-185,9606.ensp00000239938
hsa-mir-191,9606.ensp00000239938
hsa-mir-199a-2,9606.ensp00000239938
hsa-mir-200b,9606.ensp00000239938
hsa-mir-20b,9606.ensp00000239938
hsa-mir-212,9606.ensp00000239938
hsa-mir-214,9606.ensp00000239938
hsa-mir-219a-2,9606.ensp00000239938
hsa-mir-23a,9606.ensp00000239938
hsa-mir-24-2,9606.ensp00000239938
hsa-mir-27a,9606.ensp00000239938
hsa-mir-301b,9606.ensp00000239938
hsa-mir-30a,9606.ensp00000239938
hsa-mir-30c-1,9606.ensp00000239938
hsa-mir-30c-2,9606.ensp00000239938
hsa-mir-30e,9606.ensp00000239938
hsa-mir-32,9606.ensp00000239938
hsa-mir-335,9606.ensp00000239938
hsa-mir-425,9606.ensp00000239938
hsa-mir-455,9606.ensp00000239938
hsa-mir-596,9606.ensp00000239938
hsa-mir-642a,9606.ensp00000239938
hsa-mir-675,9606.ensp00000239938
hsa-mir-92b,9606.ensp00000239938
hsa-mir-96,9606.ensp00000239938
hsa-mir-99b,9606.ensp00000239938
hsa-mir-142,9606.ensp00000242480
hsa-mir-146a,9606.ensp00000318057
hsa-mir-146b,9606.ensp00000318057
hsa-mir-195,9606.ensp00000318057
hsa-let-7b,9606.ensp00000435835
hsa-mir-424,9606.ensp00000435835
hsa-let-7b,9606.ensp00000364678
hsa-mir-200c,9606.ensp00000364678
hsa-let-7b,9606.ensp00000220592
hsa-let-7c,9606.ensp00000220592
hsa-let-7d,9606.ensp00000220592
hsa-let-7e,9606.ensp00000220592
hsa-let-7g,9606.ensp00000220592
hsa-let-7i,9606.ensp00000220592
hsa-mir-142,9606.ensp00000220592
hsa-mir-150,9606.ensp00000220592
hsa-mir-144,9606.ensp00000264661
hsa-mir-17,9606.ensp00000264661
hsa-mir-18a,9606.ensp00000264661
hsa-mir-19a,9606.ensp00000264661
hsa-mir-19b-1,9606.ensp00000264661
hsa-mir-200b,9606.ensp00000264661
hsa-mir-20a,9606.ensp00000264661
hsa-mir-210,9606.ensp00000264661
hsa-mir-31,9606.ensp00000264661
hsa-mir-34a,9606.ensp00000264661
hsa-mir-92a-1,9606.ensp00000264661
hsa-mir-155,9606.ensp00000328813
hsa-mir-31,9606.ensp00000433205
hsa-mir-181a-1,9606.ensp00000450962
hsa-mir-181a-2,9606.ensp00000450962
hsa-mir-181b-1,9606.ensp00000450962
hsa-mir-181b-2,9606.ensp00000450962
hsa-mir-141,9606.ensp00000263253
hsa-mir-150,9606.ensp00000263253
hsa-mir-200c,9606.ensp00000263253
hsa-mir-21,9606.ensp00000263253
hsa-mir-146a,9606.ensp00000263734
hsa-mir-181c,9606.ensp00000263734
hsa-mir-191,9606.ensp00000263734
hsa-mir-210,9606.ensp00000263734
hsa-mir-23a,9606.ensp00000263734
hsa-mir-24-2,9606.ensp00000263734
hsa-mir-27a,9606.ensp00000263734
hsa-mir-29b-2,9606.ensp00000263734
hsa-mir-29c,9606.ensp00000263734
hsa-mir-30b,9606.ensp00000263734
hsa-mir-30d,9606.ensp00000263734
hsa-mir-200c,9606.ensp00000262186
hsa-let-7c,9606.ensp00000405330
hsa-mir-106a,9606.ensp00000405330
hsa-mir-140,9606.ensp00000405330
hsa-mir-143,9606.ensp00000405330
hsa-mir-145,9606.ensp00000405330
hsa-mir-17,9606.ensp00000405330
hsa-mir-181a-1,9606.ensp00000405330
hsa-mir-181b-1,9606.ensp00000405330
hsa-mir-18a,9606.ensp00000405330
hsa-mir-18b,9606.ensp00000405330
hsa-mir-191,9606.ensp00000405330
hsa-mir-19a,9606.ensp00000405330
hsa-mir-19b-2,9606.ensp00000405330
hsa-mir-20a,9606.ensp00000405330
hsa-mir-20b,9606.ensp00000405330
hsa-mir-21,9606.ensp00000405330
hsa-mir-22,9606.ensp00000405330
hsa-mir-221,9606.ensp00000405330
hsa-mir-222,9606.ensp00000405330
hsa-mir-363,9606.ensp00000405330
hsa-mir-425,9606.ensp00000405330
hsa-mir-497,9606.ensp00000405330
hsa-mir-92a-2,9606.ensp00000405330
hsa-mir-99a,9606.ensp00000405330
hsa-mir-23b,9606.ensp00000343925
hsa-mir-24-1,9606.ensp00000343925
hsa-mir-27b,9606.ensp00000343925
hsa-mir-30a,9606.ensp00000343925
hsa-mir-126,9606.ensp00000376436
hsa-mir-146a,9606.ensp00000376436
hsa-mir-155,9606.ensp00000376436
hsa-mir-181c,9606.ensp00000376436
hsa-mir-182,9606.ensp00000376436
hsa-mir-183,9606.ensp00000376436
hsa-mir-192,9606.ensp00000376436
hsa-mir-21,9606.ensp00000376436
hsa-mir-222,9606.ensp00000376436
hsa-mir-31,9606.ensp00000376436
hsa-mir-320a,9606.ensp00000376436
hsa-mir-96,9606.ensp00000376436
hsa-mir-155,9606.ensp00000353344
hsa-mir-196b,9606.ensp00000353344
hsa-mir-125a,9606.ensp00000321835
hsa-mir-200b,9606.ensp00000321835
hsa-mir-21,9606.ensp00000306894
hsa-let-7c,9606.ensp00000320147
hsa-mir-101-1,9606.ensp00000320147
hsa-mir-129-2,9606.ensp00000320147
hsa-mir-137,9606.ensp00000320147
hsa-mir-139,9606.ensp00000320147
hsa-mir-141,9606.ensp00000320147
hsa-mir-143,9606.ensp00000320147
hsa-mir-146a,9606.ensp00000320147
hsa-mir-155,9606.ensp00000320147
hsa-mir-200a,9606.ensp00000320147
hsa-mir-200b,9606.ensp00000320147
hsa-mir-200c,9606.ensp00000320147
hsa-mir-217,9606.ensp00000320147
hsa-mir-218-1,9606.ensp00000320147
hsa-mir-23a,9606.ensp00000320147
hsa-mir-26a-1,9606.ensp00000320147
hsa-mir-26a-2,9606.ensp00000320147
hsa-mir-27a,9606.ensp00000320147
hsa-mir-30a,9606.ensp00000320147
hsa-mir-30b,9606.ensp00000320147
hsa-mir-30d,9606.ensp00000320147
hsa-mir-31,9606.ensp00000320147
hsa-mir-34a,9606.ensp00000320147
hsa-mir-429,9606.ensp00000320147
hsa-mir-568,9606.ensp00000320147
hsa-mir-622,9606.ensp00000320147
hsa-mir-9-1,9606.ensp00000320147
hsa-mir-9-2,9606.ensp00000320147
hsa-mir-222,9606.ensp00000308541
hsa-mir-33a,9606.ensp00000471477
hsa-mir-33b,9606.ensp00000471477
hsa-mir-21,9606.ensp00000306245
hsa-mir-23a,9606.ensp00000306245
hsa-mir-31,9606.ensp00000306245
hsa-mir-34a,9606.ensp00000306245
hsa-mir-22,9606.ensp00000245919
hsa-mir-134,9606.ensp00000310170
hsa-mir-221,9606.ensp00000310170
hsa-mir-222,9606.ensp00000310170
hsa-mir-122,9606.ensp00000400341
hsa-mir-29a,9606.ensp00000400341
hsa-mir-29b-1,9606.ensp00000400341
hsa-mir-29b-2,9606.ensp00000400341
hsa-mir-29c,9606.ensp00000400341
hsa-mir-137,9606.ensp00000360157
hsa-mir-214,9606.ensp00000360157
hsa-mir-496,9606.ensp00000360157
hsa-mir-200a,9606.ensp00000259806
hsa-mir-200b,9606.ensp00000259806
hsa-mir-429,9606.ensp00000259806
hsa-mir-449a,9606.ensp00000323880
hsa-mir-135b,9606.ensp00000342307
hsa-mir-141,9606.ensp00000342307
hsa-mir-200a,9606.ensp00000342307
hsa-mir-200b,9606.ensp00000342307
hsa-mir-200c,9606.ensp00000342307
hsa-mir-429,9606.ensp00000342307
hsa-mir-145,9606.ensp00000368880
hsa-mir-491,9606.ensp00000368880
hsa-let-7b,9606.ensp00000385824
hsa-let-7c,9606.ensp00000385824
hsa-mir-21,9606.ensp00000385824
hsa-mir-30d,9606.ensp00000385824
hsa-mir-34a,9606.ensp00000385824
hsa-mir-34b,9606.ensp00000385824
hsa-mir-34c,9606.ensp00000385824
hsa-mir-622,9606.ensp00000385824
hsa-mir-142,9606.ensp00000365380
hsa-mir-146a,9606.ensp00000365380
hsa-mir-146b,9606.ensp00000365380
hsa-mir-155,9606.ensp00000365380
hsa-mir-183,9606.ensp00000365380
hsa-mir-143,9606.ensp00000378704
hsa-mir-15b,9606.ensp00000378704
hsa-mir-141,9606.ensp00000254108
hsa-mir-200a,9606.ensp00000254108
hsa-mir-138-2,9606.ensp00000365858
hsa-mir-144,9606.ensp00000365858
hsa-mir-146b,9606.ensp00000365858
hsa-mir-148a,9606.ensp00000365858
hsa-mir-196b,9606.ensp00000365858
hsa-mir-23a,9606.ensp00000365858
hsa-mir-24-2,9606.ensp00000365858
hsa-mir-27a,9606.ensp00000365858
hsa-mir-361,9606.ensp00000365858
hsa-mir-431,9606.ensp00000365858
hsa-mir-889,9606.ensp00000365858
hsa-mir-126,9606.ensp00000345681
hsa-mir-148a,9606.ensp00000345681
hsa-mir-221,9606.ensp00000345681
hsa-mir-23a,9606.ensp00000345681
hsa-mir-24-2,9606.ensp00000345681
hsa-mir-27a,9606.ensp00000345681
hsa-mir-30e,9606.ensp00000345681
hsa-mir-31,9606.ensp00000345681
hsa-mir-125a,9606.ensp00000368632
hsa-mir-138-1,9606.ensp00000368632
hsa-mir-138-2,9606.ensp00000368632
hsa-mir-200a,9606.ensp00000368632
hsa-mir-200b,9606.ensp00000368632
hsa-mir-200c,9606.ensp00000368632
hsa-mir-144,9606.ensp00000334458
hsa-mir-30d,9606.ensp00000269216
hsa-mir-30e,9606.ensp00000269216
hsa-mir-196b,9606.ensp00000359357
hsa-mir-21,9606.ensp00000359357
hsa-mir-29a,9606.ensp00000228682
hsa-mir-29b-1,9606.ensp00000228682
hsa-mir-132,9606.ensp00000276414
hsa-mir-212,9606.ensp00000276414
hsa-mir-141,9606.ensp00000251808
hsa-mir-200a,9606.ensp00000251808
hsa-mir-200b,9606.ensp00000251808
hsa-mir-200c,9606.ensp00000251808
hsa-mir-203a,9606.ensp00000251808
hsa-mir-429,9606.ensp00000251808
hsa-mir-21,9606.ensp00000288955
hsa-mir-146a,9606.ensp00000362649
hsa-mir-200a,9606.ensp00000362649
hsa-mir-200b,9606.ensp00000362649
hsa-mir-34a,9606.ensp00000362649
hsa-mir-424,9606.ensp00000362649
hsa-mir-429,9606.ensp00000362649
hsa-mir-503,9606.ensp00000362649
hsa-mir-130a,9606.ensp00000430432
hsa-mir-141,9606.ensp00000430432
hsa-mir-155,9606.ensp00000430432
hsa-mir-182,9606.ensp00000430432
hsa-mir-183,9606.ensp00000430432
hsa-mir-200a,9606.ensp00000430432
hsa-mir-200b,9606.ensp00000430432
hsa-mir-200c,9606.ensp00000430432
hsa-mir-424,9606.ensp00000430432
hsa-mir-429,9606.ensp00000430432
hsa-mir-503,9606.ensp00000430432
hsa-mir-96,9606.ensp00000430432
hsa-mir-181a-1,9606.ensp00000302967
hsa-mir-195,9606.ensp00000302967
hsa-mir-30d,9606.ensp00000302967
hsa-mir-31,9606.ensp00000302967
hsa-mir-96,9606.ensp00000302967
hsa-mir-155,9606.ensp00000264606
hsa-mir-185,9606.ensp00000264606
hsa-mir-200a,9606.ensp00000264606
hsa-mir-200b,9606.ensp00000264606
hsa-mir-29a,9606.ensp00000264606
hsa-mir-29b-1,9606.ensp00000264606
hsa-mir-29c,9606.ensp00000264606
hsa-mir-34a,9606.ensp00000264606
hsa-mir-429,9606.ensp00000264606
hsa-mir-17,9606.ensp00000232424
hsa-mir-18a,9606.ensp00000232424
hsa-mir-19a,9606.ensp00000232424
hsa-mir-19b-1,9606.ensp00000232424
hsa-mir-205,9606.ensp00000232424
hsa-mir-20a,9606.ensp00000232424
hsa-mir-92a-1,9606.ensp00000232424
hsa-mir-342,9606.ensp00000367714
hsa-mir-223,9606.ensp00000338272
hsa-let-7e,9606.ensp00000437955
hsa-mir-107,9606.ensp00000437955
hsa-mir-126,9606.ensp00000437955
hsa-mir-127,9606.ensp00000437955
hsa-mir-1271,9606.ensp00000437955
hsa-mir-1275,9606.ensp00000437955
hsa-mir-128-1,9606.ensp00000437955
hsa-mir-130a,9606.ensp00000437955
hsa-mir-143,9606.ensp00000437955
hsa-mir-145,9606.ensp00000437955
hsa-mir-146a,9606.ensp00000437955
hsa-mir-155,9606.ensp00000437955
hsa-mir-181c,9606.ensp00000437955
hsa-mir-182,9606.ensp00000437955
hsa-mir-183,9606.ensp00000437955
hsa-mir-185,9606.ensp00000437955
hsa-mir-191,9606.ensp00000437955
hsa-mir-193a,9606.ensp00000437955
hsa-mir-199a-1,9606.ensp00000437955
hsa-mir-199a-2,9606.ensp00000437955
hsa-mir-204,9606.ensp00000437955
hsa-mir-205,9606.ensp00000437955
hsa-mir-20a,9606.ensp00000437955
hsa-mir-21,9606.ensp00000437955
hsa-mir-210,9606.ensp00000437955
hsa-mir-214,9606.ensp00000437955
hsa-mir-218-2,9606.ensp00000437955
hsa-mir-224,9606.ensp00000437955
hsa-mir-23a,9606.ensp00000437955
hsa-mir-23b,9606.ensp00000437955
hsa-mir-24-2,9606.ensp00000437955
hsa-mir-26a-2,9606.ensp00000437955
hsa-mir-27a,9606.ensp00000437955
hsa-mir-29b-2,9606.ensp00000437955
hsa-mir-29c,9606.ensp00000437955
hsa-mir-301a,9606.ensp00000437955
hsa-mir-30b,9606.ensp00000437955
hsa-mir-30d,9606.ensp00000437955
hsa-mir-3120,9606.ensp00000437955
hsa-mir-361,9606.ensp00000437955
hsa-mir-372,9606.ensp00000437955
hsa-mir-373,9606.ensp00000437955
hsa-mir-376c,9606.ensp00000437955
hsa-mir-382,9606.ensp00000437955
hsa-mir-424,9606.ensp00000437955
hsa-mir-429,9606.ensp00000437955
hsa-mir-452,9606.ensp00000437955
hsa-mir-454,9606.ensp00000437955
hsa-mir-497,9606.ensp00000437955
hsa-mir-602,9606.ensp00000437955
hsa-mir-96,9606.ensp00000437955
hsa-mir-132,9606.ensp00000226067
hsa-mir-101-2,9606.ensp00000399888
hsa-mir-196a-2,9606.ensp00000399888
hsa-mir-222,9606.ensp00000399888
hsa-mir-29a,9606.ensp00000399888
hsa-mir-331,9606.ensp00000399888
hsa-mir-122,9606.ensp00000257555
hsa-mir-192,9606.ensp00000257555
hsa-mir-194-2,9606.ensp00000257555
hsa-mir-122,9606.ensp00000250448
hsa-mir-101-2,9606.ensp00000312987
hsa-mir-1193,9606.ensp00000312987
hsa-mir-1197,9606.ensp00000312987
hsa-mir-122,9606.ensp00000312987
hsa-mir-124-1,9606.ensp00000312987
hsa-mir-134,9606.ensp00000312987
hsa-mir-150,9606.ensp00000312987
hsa-mir-154,9606.ensp00000312987
hsa-mir-182,9606.ensp00000312987
hsa-mir-183,9606.ensp00000312987
hsa-mir-192,9606.ensp00000312987
hsa-mir-194-2,9606.ensp00000312987
hsa-mir-200a,9606.ensp00000312987
hsa-mir-200b,9606.ensp00000312987
hsa-mir-200c,9606.ensp00000312987
hsa-mir-299,9606.ensp00000312987
hsa-mir-329-1,9606.ensp00000312987
hsa-mir-329-2,9606.ensp00000312987
hsa-mir-34a,9606.ensp00000312987
hsa-mir-369,9606.ensp00000312987
hsa-mir-376a-1,9606.ensp00000312987
hsa-mir-376b,9606.ensp00000312987
hsa-mir-376c,9606.ensp00000312987
hsa-mir-377,9606.ensp00000312987
hsa-mir-379,9606.ensp00000312987
hsa-mir-380,9606.ensp00000312987
hsa-mir-381,9606.ensp00000312987
hsa-mir-382,9606.ensp00000312987
hsa-mir-409,9606.ensp00000312987
hsa-mir-410,9606.ensp00000312987
hsa-mir-411,9606.ensp00000312987
hsa-mir-412,9606.ensp00000312987
hsa-mir-485,9606.ensp00000312987
hsa-mir-487a,9606.ensp00000312987
hsa-mir-487b,9606.ensp00000312987
hsa-mir-494,9606.ensp00000312987
hsa-mir-495,9606.ensp00000312987
hsa-mir-496,9606.ensp00000312987
hsa-mir-539,9606.ensp00000312987
hsa-mir-543,9606.ensp00000312987
hsa-mir-654,9606.ensp00000312987
hsa-mir-655,9606.ensp00000312987
hsa-mir-656,9606.ensp00000312987
hsa-mir-668,9606.ensp00000312987
hsa-mir-7-2,9606.ensp00000312987
hsa-mir-758,9606.ensp00000312987
hsa-mir-889,9606.ensp00000312987
hsa-mir-96,9606.ensp00000312987
hsa-let-7c,9606.ensp00000283921
hsa-mir-100,9606.ensp00000283921
hsa-mir-125b-1,9606.ensp00000283921
hsa-mir-125b-2,9606.ensp00000283921
hsa-mir-99a,9606.ensp00000283921
hsa-mir-196b,9606.ensp00000343619
hsa-mir-21,9606.ensp00000343619
hsa-mir-221,9606.ensp00000239165
hsa-mir-222,9606.ensp00000239165
hsa-mir-146a,9606.ensp00000249501
hsa-mir-135b,9606.ensp00000431512
hsa-mir-432,9606.ensp00000431512
hsa-mir-182,9606.ensp00000357440
hsa-mir-183,9606.ensp00000357440
hsa-mir-96,9606.ensp00000357440
hsa-mir-143,9606.ensp00000369581
hsa-mir-145,9606.ensp00000369581
hsa-mir-143,9606.ensp00000229135
hsa-mir-145,9606.ensp00000229135
hsa-mir-29a,9606.ensp00000231449
hsa-mir-146a,9606.ensp00000263341
hsa-mir-21,9606.ensp00000263341
hsa-mir-182,9606.ensp00000226730
hsa-let-7b,9606.ensp00000385675
hsa-mir-146b,9606.ensp00000385675
hsa-mir-148a,9606.ensp00000385675
hsa-mir-152,9606.ensp00000385675
hsa-mir-301a,9606.ensp00000385675
hsa-mir-301b,9606.ensp00000385675
hsa-mir-370,9606.ensp00000385675
hsa-mir-519c,9606.ensp00000385675
hsa-mir-7-1,9606.ensp00000355011
hsa-mir-590,9606.ensp00000404121
hsa-mir-7-1,9606.ensp00000404121
hsa-mir-155,9606.ensp00000245414
hsa-mir-155,9606.ensp00000471896
hsa-mir-576,9606.ensp00000471896
hsa-mir-155,9606.ensp00000370343
hsa-mir-150,9606.ensp00000452786
hsa-mir-143,9606.ensp00000254958
hsa-mir-145,9606.ensp00000254958
hsa-mir-302a,9606.ensp00000382204
hsa-mir-302b,9606.ensp00000382204
hsa-mir-302c,9606.ensp00000382204
hsa-mir-302d,9606.ensp00000382204
hsa-mir-367,9606.ensp00000382204
hsa-mir-106b,9606.ensp00000360266
hsa-mir-127,9606.ensp00000360266
hsa-mir-135b,9606.ensp00000360266
hsa-mir-139,9606.ensp00000360266
hsa-mir-141,9606.ensp00000360266
hsa-mir-144,9606.ensp00000360266
hsa-mir-146a,9606.ensp00000360266
hsa-mir-184,9606.ensp00000360266
hsa-mir-18b,9606.ensp00000360266
hsa-mir-200a,9606.ensp00000360266
hsa-mir-200b,9606.ensp00000360266
hsa-mir-200c,9606.ensp00000360266
hsa-mir-21,9606.ensp00000360266
hsa-mir-221,9606.ensp00000360266
hsa-mir-222,9606.ensp00000360266
hsa-mir-224,9606.ensp00000360266
hsa-mir-23a,9606.ensp00000360266
hsa-mir-23b,9606.ensp00000360266
hsa-mir-25,9606.ensp00000360266
hsa-mir-31,9606.ensp00000360266
hsa-mir-3188,9606.ensp00000360266
hsa-mir-320b,9606.ensp00000360266
hsa-mir-429,9606.ensp00000360266
hsa-mir-630,9606.ensp00000360266
hsa-mir-93,9606.ensp00000360266
hsa-mir-135b,9606.ensp00000221486
hsa-mir-155,9606.ensp00000221486
hsa-mir-29b-1,9606.ensp00000252818
hsa-mir-141,9606.ensp00000263754
hsa-mir-200c,9606.ensp00000263754
hsa-mir-200c,9606.ensp00000383042
hsa-mir-568,9606.ensp00000383042
hsa-let-7b,9606.ensp00000366271
hsa-mir-34a,9606.ensp00000361473
hsa-let-7e,9606.ensp00000356234
hsa-mir-125a,9606.ensp00000356234
hsa-mir-141,9606.ensp00000356234
hsa-mir-200a,9606.ensp00000356234
hsa-mir-200b,9606.ensp00000356234
hsa-mir-200c,9606.ensp00000356234
hsa-mir-31,9606.ensp00000356234
hsa-mir-429,9606.ensp00000356234
hsa-mir-99b,9606.ensp00000356234
hsa-let-7b,9606.ensp00000381216
hsa-let-7c,9606.ensp00000381216
hsa-mir-126,9606.ensp00000248071
hsa-mir-143,9606.ensp00000248071
hsa-mir-145,9606.ensp00000248071
hsa-mir-150,9606.ensp00000248071
hsa-mir-23b,9606.ensp00000248071
hsa-mir-182,9606.ensp00000261438
hsa-mir-23a,9606.ensp00000261438
hsa-mir-24-2,9606.ensp00000261438
hsa-mir-27a,9606.ensp00000261438
hsa-mir-1-2,9606.ensp00000363804
hsa-mir-134,9606.ensp00000363804
hsa-mir-143,9606.ensp00000363804
hsa-mir-145,9606.ensp00000363804
hsa-mir-150,9606.ensp00000363804
hsa-mir-15a,9606.ensp00000363804
hsa-mir-182,9606.ensp00000363804
hsa-mir-183,9606.ensp00000363804
hsa-mir-200a,9606.ensp00000363804
hsa-mir-200b,9606.ensp00000363804
hsa-mir-200c,9606.ensp00000363804
hsa-mir-206,9606.ensp00000363804
hsa-mir-21,9606.ensp00000363804
hsa-mir-31,9606.ensp00000363804
hsa-mir-429,9606.ensp00000363804
hsa-mir-96,9606.ensp00000363804
hsa-mir-141,9606.ensp00000366915
hsa-mir-200a,9606.ensp00000366915
hsa-mir-200b,9606.ensp00000366915
hsa-mir-200c,9606.ensp00000366915
hsa-mir-429,9606.ensp00000366915
hsa-mir-132,9606.ensp00000417303
hsa-mir-141,9606.ensp00000417303
hsa-mir-21,9606.ensp00000366330
hsa-mir-146a,9606.ensp00000436786
hsa-mir-155,9606.ensp00000436786
hsa-mir-23a,9606.ensp00000436786
hsa-mir-23b,9606.ensp00000436786
hsa-mir-24-1,9606.ensp00000436786
hsa-mir-24-2,9606.ensp00000436786
hsa-mir-27a,9606.ensp00000436786
hsa-mir-27b,9606.ensp00000436786
hsa-mir-503,9606.ensp00000256644
hsa-mir-124-1,9606.ensp00000265165
hsa-mir-124-2,9606.ensp00000265165
hsa-mir-124-3,9606.ensp00000265165
hsa-mir-150,9606.ensp00000265165
hsa-mir-181a-2,9606.ensp00000265165
hsa-mir-182,9606.ensp00000265165
hsa-mir-183,9606.ensp00000265165
hsa-mir-30e,9606.ensp00000265165
hsa-mir-372,9606.ensp00000265165
hsa-mir-373,9606.ensp00000265165
hsa-mir-96,9606.ensp00000265165
hsa-let-7b,9606.ensp00000363314
hsa-let-7d,9606.ensp00000363314
hsa-let-7e,9606.ensp00000363314
hsa-let-7g,9606.ensp00000363314
hsa-let-7i,9606.ensp00000363314
hsa-mir-107,9606.ensp00000363314
hsa-mir-143,9606.ensp00000363314
hsa-mir-150,9606.ensp00000363314
hsa-mir-200c,9606.ensp00000363314
hsa-mir-370,9606.ensp00000363314
hsa-let-7b,9606.ensp00000344401
hsa-let-7c,9606.ensp00000344401
hsa-let-7d,9606.ensp00000344401
hsa-let-7e,9606.ensp00000344401
hsa-let-7i,9606.ensp00000344401
hsa-mir-142,9606.ensp00000257818
hsa-mir-135a-2,9606.ensp00000340226
hsa-mir-9-1,9606.ensp00000355988
hsa-mir-506,9606.ensp00000362410
hsa-mir-17,9606.ensp00000229795
hsa-mir-18a,9606.ensp00000229795
hsa-mir-19a,9606.ensp00000229795
hsa-mir-20a,9606.ensp00000229795
hsa-mir-106a,9606.ensp00000351490
hsa-mir-106b,9606.ensp00000351490
hsa-mir-17,9606.ensp00000351490
hsa-mir-18a,9606.ensp00000351490
hsa-mir-18b,9606.ensp00000351490
hsa-mir-193a,9606.ensp00000351490
hsa-mir-19a,9606.ensp00000351490
hsa-mir-19b-1,9606.ensp00000351490
hsa-mir-19b-2,9606.ensp00000351490
hsa-mir-20a,9606.ensp00000351490
hsa-mir-20b,9606.ensp00000351490
hsa-mir-25,9606.ensp00000351490
hsa-mir-363,9606.ensp00000351490
hsa-mir-92a-1,9606.ensp00000351490
hsa-mir-92a-2,9606.ensp00000351490
hsa-mir-93,9606.ensp00000351490
hsa-mir-373,9606.ensp00000256429
hsa-mir-1-2,9606.ensp00000264674
hsa-mir-137,9606.ensp00000395535
hsa-mir-184,9606.ensp00000395535
hsa-mir-1-1,9606.ensp00000346389
hsa-mir-1-2,9606.ensp00000346389
hsa-mir-23a,9606.ensp00000346389
hsa-mir-24-2,9606.ensp00000346389
hsa-mir-27a,9606.ensp00000346389
hsa-mir-410,9606.ensp00000346389
hsa-mir-424,9606.ensp00000346389
hsa-mir-433,9606.ensp00000346389
hsa-mir-503,9606.ensp00000346389
hsa-mir-92b,9606.ensp00000346389
hsa-mir-424,9606.ensp00000340874
hsa-mir-503,9606.ensp00000340874
hsa-mir-1244,9606.ensp00000271555
hsa-mir-196b,9606.ensp00000272369
hsa-mir-21,9606.ensp00000272369
hsa-mir-23a,9606.ensp00000337088
hsa-mir-23b,9606.ensp00000337088
hsa-mir-24-1,9606.ensp00000337088
hsa-mir-24-2,9606.ensp00000337088
hsa-mir-27a,9606.ensp00000337088
hsa-mir-27b,9606.ensp00000337088
hsa-let-7a-1,9606.ensp00000295600
hsa-let-7d,9606.ensp00000295600
hsa-let-7f-1,9606.ensp00000295600
hsa-let-7i,9606.ensp00000295600
hsa-mir-106a,9606.ensp00000295600
hsa-mir-125b-2,9606.ensp00000295600
hsa-mir-146a,9606.ensp00000295600
hsa-mir-148b,9606.ensp00000295600
hsa-mir-18b,9606.ensp00000295600
hsa-mir-19b-2,9606.ensp00000295600
hsa-mir-204,9606.ensp00000295600
hsa-mir-20b,9606.ensp00000295600
hsa-mir-211,9606.ensp00000295600
hsa-mir-221,9606.ensp00000295600
hsa-mir-222,9606.ensp00000295600
hsa-mir-29a,9606.ensp00000295600
hsa-mir-29b-1,9606.ensp00000295600
hsa-mir-363,9606.ensp00000295600
hsa-mir-92a-2,9606.ensp00000295600
hsa-mir-92b,9606.ensp00000295600
hsa-mir-143,9606.ensp00000347847
hsa-mir-145,9606.ensp00000347847
hsa-mir-199a-2,9606.ensp00000347847
hsa-mir-214,9606.ensp00000347847
hsa-mir-3120,9606.ensp00000347847
hsa-mir-211,9606.ensp00000361405
hsa-mir-17,9606.ensp00000174618
hsa-mir-18a,9606.ensp00000174618
hsa-mir-19a,9606.ensp00000174618
hsa-mir-19b-1,9606.ensp00000174618
hsa-mir-20a,9606.ensp00000174618
hsa-mir-92a-1,9606.ensp00000174618
hsa-mir-206,9606.ensp00000228641
hsa-mir-22,9606.ensp00000333633
hsa-mir-141,9606.ensp00000484824
hsa-mir-200c,9606.ensp00000484824
hsa-mir-17,9606.ensp00000331152
hsa-mir-18a,9606.ensp00000331152
hsa-mir-19a,9606.ensp00000331152
hsa-mir-19b-1,9606.ensp00000331152
hsa-mir-20a,9606.ensp00000331152
hsa-mir-92a-1,9606.ensp00000331152
hsa-mir-141,9606.ensp00000339992
hsa-mir-143,9606.ensp00000339992
hsa-mir-148a,9606.ensp00000339992
hsa-mir-155,9606.ensp00000339992
hsa-mir-15a,9606.ensp00000339992
hsa-mir-200a,9606.ensp00000339992
hsa-mir-200b,9606.ensp00000339992
hsa-mir-200c,9606.ensp00000339992
hsa-mir-429,9606.ensp00000339992
hsa-let-7a-1,9606.ensp00000479618
hsa-let-7a-2,9606.ensp00000479618
hsa-let-7b,9606.ensp00000479618
hsa-let-7c,9606.ensp00000479618
hsa-let-7d,9606.ensp00000479618
hsa-let-7e,9606.ensp00000479618
hsa-let-7f-1,9606.ensp00000479618
hsa-let-7g,9606.ensp00000479618
hsa-let-7i,9606.ensp00000479618
hsa-mir-100,9606.ensp00000479618
hsa-mir-101-2,9606.ensp00000479618
hsa-mir-106a,9606.ensp00000479618
hsa-mir-106b,9606.ensp00000479618
hsa-mir-122,9606.ensp00000479618
hsa-mir-125b-1,9606.ensp00000479618
hsa-mir-130a,9606.ensp00000479618
hsa-mir-141,9606.ensp00000479618
hsa-mir-146a,9606.ensp00000479618
hsa-mir-148a,9606.ensp00000479618
hsa-mir-150,9606.ensp00000479618
hsa-mir-15a,9606.ensp00000479618
hsa-mir-16-1,9606.ensp00000479618
hsa-mir-17,9606.ensp00000479618
hsa-mir-184,9606.ensp00000479618
hsa-mir-18a,9606.ensp00000479618
hsa-mir-18b,9606.ensp00000479618
hsa-mir-195,9606.ensp00000479618
hsa-mir-196a-1,9606.ensp00000479618
hsa-mir-19a,9606.ensp00000479618
hsa-mir-200c,9606.ensp00000479618
hsa-mir-20a,9606.ensp00000479618
hsa-mir-20b,9606.ensp00000479618
hsa-mir-22,9606.ensp00000479618
hsa-mir-221,9606.ensp00000479618
hsa-mir-222,9606.ensp00000479618
hsa-mir-23a,9606.ensp00000479618
hsa-mir-23b,9606.ensp00000479618
hsa-mir-24-2,9606.ensp00000479618
hsa-mir-25,9606.ensp00000479618
hsa-mir-26a-1,9606.ensp00000479618
hsa-mir-26a-2,9606.ensp00000479618
hsa-mir-26b,9606.ensp00000479618
hsa-mir-27a,9606.ensp00000479618
hsa-mir-28,9606.ensp00000479618
hsa-mir-29a,9606.ensp00000479618
hsa-mir-29b-1,9606.ensp00000479618
hsa-mir-29b-2,9606.ensp00000479618
hsa-mir-29c,9606.ensp00000479618
hsa-mir-30a,9606.ensp00000479618
hsa-mir-30b,9606.ensp00000479618
hsa-mir-30d,9606.ensp00000479618
hsa-mir-32,9606.ensp00000479618
hsa-mir-34a,9606.ensp00000479618
hsa-mir-371a,9606.ensp00000479618
hsa-mir-371b,9606.ensp00000479618
hsa-mir-372,9606.ensp00000479618
hsa-mir-373,9606.ensp00000479618
hsa-mir-497,9606.ensp00000479618
hsa-mir-548m,9606.ensp00000479618
hsa-mir-7-1,9606.ensp00000479618
hsa-mir-9-2,9606.ensp00000479618
hsa-mir-93,9606.ensp00000479618
hsa-mir-106a,9606.ensp00000281043
hsa-mir-106b,9606.ensp00000281043
hsa-mir-124-1,9606.ensp00000281043
hsa-mir-124-3,9606.ensp00000281043
hsa-mir-1268a,9606.ensp00000281043
hsa-mir-1268b,9606.ensp00000281043
hsa-mir-1307,9606.ensp00000281043
hsa-mir-17,9606.ensp00000281043
hsa-mir-181a-1,9606.ensp00000281043
hsa-mir-181a-2,9606.ensp00000281043
hsa-mir-181b-1,9606.ensp00000281043
hsa-mir-181b-2,9606.ensp00000281043
hsa-mir-181d,9606.ensp00000281043
hsa-mir-182,9606.ensp00000281043
hsa-mir-183,9606.ensp00000281043
hsa-mir-18a,9606.ensp00000281043
hsa-mir-18b,9606.ensp00000281043
hsa-mir-19a,9606.ensp00000281043
hsa-mir-19b-2,9606.ensp00000281043
hsa-mir-20a,9606.ensp00000281043
hsa-mir-20b,9606.ensp00000281043
hsa-mir-2110,9606.ensp00000281043
hsa-mir-221,9606.ensp00000281043
hsa-mir-24-1,9606.ensp00000281043
hsa-mir-24-2,9606.ensp00000281043
hsa-mir-25,9606.ensp00000281043
hsa-mir-27a,9606.ensp00000281043
hsa-mir-27b,9606.ensp00000281043
hsa-mir-296,9606.ensp00000281043
hsa-mir-320a,9606.ensp00000281043
hsa-mir-330,9606.ensp00000281043
hsa-mir-335,9606.ensp00000281043
hsa-mir-33a,9606.ensp00000281043
hsa-mir-345,9606.ensp00000281043
hsa-mir-363,9606.ensp00000281043
hsa-mir-421,9606.ensp00000281043
hsa-mir-4295,9606.ensp00000281043
hsa-mir-7-1,9606.ensp00000281043
hsa-mir-7-2,9606.ensp00000281043
hsa-mir-760,9606.ensp00000281043
hsa-mir-887,9606.ensp00000281043
hsa-mir-9-3,9606.ensp00000281043
hsa-mir-92a-1,9606.ensp00000281043
hsa-mir-92a-2,9606.ensp00000281043
hsa-mir-92b,9606.ensp00000281043
hsa-mir-93,9606.ensp00000281043
hsa-mir-96,9606.ensp00000281043
hsa-mir-206,9606.ensp00000228644
hsa-mir-1-1,9606.ensp00000401678
hsa-mir-1-2,9606.ensp00000401678
hsa-mir-143,9606.ensp00000401678
hsa-mir-145,9606.ensp00000401678
hsa-mir-206,9606.ensp00000401678
hsa-mir-1-1,9606.ensp00000250003
hsa-mir-1-2,9606.ensp00000250003
hsa-mir-150,9606.ensp00000250003
hsa-mir-182,9606.ensp00000250003
hsa-mir-206,9606.ensp00000250003
hsa-mir-22,9606.ensp00000250003
hsa-mir-133a-1,9606.ensp00000241651
hsa-mir-133a-2,9606.ensp00000241651
hsa-mir-133b,9606.ensp00000241651
hsa-mir-206,9606.ensp00000241651
hsa-mir-142,9606.ensp00000300131
hsa-mir-17,9606.ensp00000229307
hsa-mir-18a,9606.ensp00000229307
hsa-mir-19a,9606.ensp00000229307
hsa-mir-19b-1,9606.ensp00000229307
hsa-mir-20a,9606.ensp00000229307
hsa-mir-302a,9606.ensp00000229307
hsa-mir-302b,9606.ensp00000229307
hsa-mir-302c,9606.ensp00000229307
hsa-mir-302d,9606.ensp00000229307
hsa-mir-367,9606.ensp00000229307
hsa-mir-92a-1,9606.ensp00000229307
hsa-mir-122,9606.ensp00000268712
hsa-mir-200c,9606.ensp00000268712
hsa-mir-30d,9606.ensp00000268712
hsa-mir-122,9606.ensp00000384018
hsa-mir-217,9606.ensp00000351015
hsa-mir-125a,9606.ensp00000389377
hsa-mir-374b,9606.ensp00000389377
hsa-mir-9-1,9606.ensp00000389377
hsa-mir-199b,9606.ensp00000300659
hsa-mir-23a,9606.ensp00000300659
hsa-mir-24-2,9606.ensp00000300659
hsa-mir-26a-1,9606.ensp00000300659
hsa-mir-26a-2,9606.ensp00000300659
hsa-mir-26b,9606.ensp00000300659
hsa-mir-27a,9606.ensp00000300659
hsa-mir-196b,9606.ensp00000439120
hsa-mir-423,9606.ensp00000439120
hsa-mir-106b,9606.ensp00000380252
hsa-mir-1207,9606.ensp00000380252
hsa-mir-125b-1,9606.ensp00000380252
hsa-mir-125b-2,9606.ensp00000380252
hsa-mir-126,9606.ensp00000380252
hsa-mir-140,9606.ensp00000380252
hsa-mir-146a,9606.ensp00000380252
hsa-mir-181c,9606.ensp00000380252
hsa-mir-193b,9606.ensp00000380252
hsa-mir-200c,9606.ensp00000380252
hsa-mir-206,9606.ensp00000380252
hsa-mir-214,9606.ensp00000380252
hsa-mir-25,9606.ensp00000380252
hsa-mir-29a,9606.ensp00000380252
hsa-mir-29b-1,9606.ensp00000380252
hsa-mir-29b-2,9606.ensp00000380252
hsa-mir-29c,9606.ensp00000380252
hsa-mir-32,9606.ensp00000380252
hsa-mir-365a,9606.ensp00000380252
hsa-mir-550a-1,9606.ensp00000380252
hsa-mir-592,9606.ensp00000380252
hsa-mir-617,9606.ensp00000380252
hsa-mir-93,9606.ensp00000380252
hsa-mir-223,9606.ensp00000360231
hsa-mir-21,9606.ensp00000370340
hsa-let-7a-3,9606.ensp00000226574
hsa-let-7b,9606.ensp00000226574
hsa-mir-100,9606.ensp00000226574
hsa-mir-10b,9606.ensp00000226574
hsa-mir-125b-1,9606.ensp00000226574
hsa-mir-127,9606.ensp00000226574
hsa-mir-1276,9606.ensp00000226574
hsa-mir-1286,9606.ensp00000226574
hsa-mir-130a,9606.ensp00000226574
hsa-mir-136,9606.ensp00000226574
hsa-mir-146a,9606.ensp00000226574
hsa-mir-146b,9606.ensp00000226574
hsa-mir-148a,9606.ensp00000226574
hsa-mir-150,9606.ensp00000226574
hsa-mir-155,9606.ensp00000226574
hsa-mir-17,9606.ensp00000226574
hsa-mir-1908,9606.ensp00000226574
hsa-mir-199a-2,9606.ensp00000226574
hsa-mir-200a,9606.ensp00000226574
hsa-mir-200b,9606.ensp00000226574
hsa-mir-21,9606.ensp00000226574
hsa-mir-210,9606.ensp00000226574
hsa-mir-214,9606.ensp00000226574
hsa-mir-219a-1,9606.ensp00000226574
hsa-mir-224,9606.ensp00000226574
hsa-mir-23b,9606.ensp00000226574
hsa-mir-24-1,9606.ensp00000226574
hsa-mir-2467,9606.ensp00000226574
hsa-mir-27b,9606.ensp00000226574
hsa-mir-2909,9606.ensp00000226574
hsa-mir-29a,9606.ensp00000226574
hsa-mir-29b-1,9606.ensp00000226574
hsa-mir-29c,9606.ensp00000226574
hsa-mir-301a,9606.ensp00000226574
hsa-mir-30b,9606.ensp00000226574
hsa-mir-30c-2,9606.ensp00000226574
hsa-mir-3200,9606.ensp00000226574
hsa-mir-340,9606.ensp00000226574
hsa-mir-34a,9606.ensp00000226574
hsa-mir-3620,9606.ensp00000226574
hsa-mir-424,9606.ensp00000226574
hsa-mir-425,9606.ensp00000226574
hsa-mir-429,9606.ensp00000226574
hsa-mir-4454,9606.ensp00000226574
hsa-mir-448,9606.ensp00000226574
hsa-mir-4485,9606.ensp00000226574
hsa-mir-449c,9606.ensp00000226574
hsa-mir-494,9606.ensp00000226574
hsa-mir-502,9606.ensp00000226574
hsa-mir-503,9606.ensp00000226574
hsa-mir-506,9606.ensp00000226574
hsa-mir-9-1,9606.ensp00000226574
hsa-mir-221,9606.ensp00000358983
hsa-mir-155,9606.ensp00000384273
hsa-mir-33a,9606.ensp00000345702
hsa-mir-32,9606.ensp00000346879
hsa-mir-33a,9606.ensp00000346879
hsa-mir-143,9606.ensp00000327758
hsa-mir-145,9606.ensp00000327758
hsa-mir-17,9606.ensp00000327758
hsa-mir-18a,9606.ensp00000327758
hsa-mir-19a,9606.ensp00000327758
hsa-mir-20a,9606.ensp00000327758
hsa-mir-223,9606.ensp00000277541
hsa-mir-223,9606.ensp00000263388
hsa-mir-143,9606.ensp00000253727
hsa-mir-145,9606.ensp00000253727
hsa-mir-130a,9606.ensp00000477707
hsa-mir-206,9606.ensp00000477707
hsa-mir-122,9606.ensp00000447149
hsa-mir-144,9606.ensp00000447149
hsa-mir-29a,9606.ensp00000447149
hsa-mir-34a,9606.ensp00000447149
hsa-mir-137,9606.ensp00000357979
hsa-mir-127,9606.ensp00000355904
hsa-mir-433,9606.ensp00000355904
hsa-mir-186,9606.ensp00000350815
hsa-mir-338,9606.ensp00000350815
hsa-mir-95,9606.ensp00000350815
hsa-mir-200c,9606.ensp00000356331
hsa-mir-125b-2,9606.ensp00000264670
hsa-mir-125b-2,9606.ensp00000306561
hsa-mir-133b,9606.ensp00000306561
hsa-mir-122,9606.ensp00000302630
hsa-mir-144,9606.ensp00000339906
hsa-mir-15a,9606.ensp00000350844
hsa-mir-16-1,9606.ensp00000350844
hsa-mir-648,9606.ensp00000350844
hsa-mir-135b,9606.ensp00000404100
hsa-mir-146b,9606.ensp00000263334
hsa-mir-196b,9606.ensp00000405890
hsa-mir-21,9606.ensp00000405890
hsa-mir-221,9606.ensp00000364190
hsa-mir-222,9606.ensp00000364190
hsa-mir-205,9606.ensp00000482063
hsa-mir-10b,9606.ensp00000348099
hsa-mir-141,9606.ensp00000301396
hsa-mir-200a,9606.ensp00000301396
hsa-mir-200b,9606.ensp00000301396
hsa-mir-200c,9606.ensp00000301396
hsa-mir-429,9606.ensp00000301396
hsa-mir-17,9606.ensp00000353826
hsa-mir-18a,9606.ensp00000353826
hsa-mir-19a,9606.ensp00000353826
hsa-mir-19b-1,9606.ensp00000353826
hsa-mir-20a,9606.ensp00000353826
hsa-mir-92a-1,9606.ensp00000353826
hsa-mir-205,9606.ensp00000320171
hsa-mir-141,9606.ensp00000300093
hsa-mir-200c,9606.ensp00000300093
hsa-mir-146a,9606.ensp00000338157
hsa-let-7g,9606.ensp00000356840
hsa-mir-542,9606.ensp00000356840
hsa-mir-198,9606.ensp00000431603
hsa-mir-1246,9606.ensp00000259915
hsa-mir-125b-1,9606.ensp00000259915
hsa-mir-130a,9606.ensp00000259915
hsa-mir-130b,9606.ensp00000259915
hsa-mir-142,9606.ensp00000259915
hsa-mir-145,9606.ensp00000259915
hsa-mir-301a,9606.ensp00000259915
hsa-mir-301b,9606.ensp00000259915
hsa-mir-302a,9606.ensp00000259915
hsa-mir-302b,9606.ensp00000259915
hsa-mir-302c,9606.ensp00000259915
hsa-mir-302d,9606.ensp00000259915
hsa-mir-367,9606.ensp00000259915
hsa-mir-454,9606.ensp00000259915
hsa-mir-107,9606.ensp00000385523
hsa-mir-199a-2,9606.ensp00000385523
hsa-mir-200c,9606.ensp00000385523
hsa-mir-214,9606.ensp00000385523
hsa-mir-301a,9606.ensp00000385523
hsa-mir-454,9606.ensp00000385523
hsa-mir-122,9606.ensp00000287820
hsa-mir-142,9606.ensp00000287820
hsa-mir-145,9606.ensp00000287820
hsa-mir-21,9606.ensp00000287820
hsa-mir-613,9606.ensp00000287820
hsa-let-7c,9606.ensp00000358092
hsa-mir-21,9606.ensp00000358092
hsa-mir-222,9606.ensp00000358092
hsa-mir-223,9606.ensp00000358092
hsa-mir-15a,9606.ensp00000408695
hsa-mir-96,9606.ensp00000319169
hsa-mir-9-2,9606.ensp00000355925
hsa-mir-221,9606.ensp00000440485
hsa-mir-222,9606.ensp00000440485
hsa-mir-19a,9606.ensp00000361021
hsa-mir-21,9606.ensp00000361021
hsa-mir-22,9606.ensp00000361021
hsa-mir-25,9606.ensp00000361021
hsa-mir-302a,9606.ensp00000361021
hsa-mir-302b,9606.ensp00000361021
hsa-mir-302c,9606.ensp00000361021
hsa-mir-302d,9606.ensp00000361021
hsa-mir-302f,9606.ensp00000361021
hsa-mir-122,9606.ensp00000360683
hsa-mir-143,9606.ensp00000254066
hsa-mir-145,9606.ensp00000254066
hsa-mir-302b,9606.ensp00000254066
hsa-mir-449a,9606.ensp00000267163
hsa-mir-449b,9606.ensp00000267163
hsa-mir-146a,9606.ensp00000264515
hsa-mir-155,9606.ensp00000264515
hsa-mir-221,9606.ensp00000345206
hsa-mir-222,9606.ensp00000345206
hsa-mir-15b,9606.ensp00000295025
hsa-mir-21,9606.ensp00000295025
hsa-let-7e,9606.ensp00000384273
hsa-mir-100,9606.ensp00000384273
hsa-mir-125a,9606.ensp00000384273
hsa-mir-125b-1,9606.ensp00000384273
hsa-mir-130a,9606.ensp00000384273
hsa-mir-132,9606.ensp00000384273
hsa-mir-145,9606.ensp00000384273
hsa-mir-146a,9606.ensp00000384273
hsa-mir-146b,9606.ensp00000384273
hsa-mir-150,9606.ensp00000384273
hsa-mir-17,9606.ensp00000384273
hsa-mir-182,9606.ensp00000384273
hsa-mir-183,9606.ensp00000384273
hsa-mir-188,9606.ensp00000384273
hsa-mir-18a,9606.ensp00000384273
hsa-mir-192,9606.ensp00000384273
hsa-mir-193b,9606.ensp00000384273
hsa-mir-19a,9606.ensp00000384273
hsa-mir-19b-1,9606.ensp00000384273
hsa-mir-200b,9606.ensp00000384273
hsa-mir-205,9606.ensp00000384273
hsa-mir-20a,9606.ensp00000384273
hsa-mir-21,9606.ensp00000384273
hsa-mir-212,9606.ensp00000384273
hsa-mir-22,9606.ensp00000384273
hsa-mir-221,9606.ensp00000384273
hsa-mir-222,9606.ensp00000384273
hsa-mir-223,9606.ensp00000384273
hsa-mir-224,9606.ensp00000384273
hsa-mir-23a,9606.ensp00000384273
hsa-mir-23b,9606.ensp00000384273
hsa-mir-24-1,9606.ensp00000384273
hsa-mir-24-2,9606.ensp00000384273
hsa-mir-27a,9606.ensp00000384273
hsa-mir-27b,9606.ensp00000384273
hsa-mir-29c,9606.ensp00000384273
hsa-mir-3074,9606.ensp00000384273
hsa-mir-30b,9606.ensp00000384273
hsa-mir-3151,9606.ensp00000384273
hsa-mir-34a,9606.ensp00000384273
hsa-mir-378a,9606.ensp00000384273
hsa-mir-503,9606.ensp00000384273
hsa-mir-7-1,9606.ensp00000384273
hsa-mir-7-2,9606.ensp00000384273
hsa-mir-7-3,9606.ensp00000384273
hsa-mir-802,9606.ensp00000384273
hsa-mir-92a-1,9606.ensp00000384273
hsa-mir-96,9606.ensp00000384273
hsa-mir-99b,9606.ensp00000384273
hsa-let-7b,9606.ensp00000221452
hsa-mir-221,9606.ensp00000221452
hsa-mir-15a,9606.ensp00000417291
hsa-mir-16-1,9606.ensp00000417291
hsa-mir-132,9606.ensp00000311816
hsa-mir-137,9606.ensp00000311816
hsa-mir-139,9606.ensp00000311816
hsa-mir-199a-1,9606.ensp00000311816
hsa-mir-199a-2,9606.ensp00000311816
hsa-mir-21,9606.ensp00000311816
hsa-mir-212,9606.ensp00000311816
hsa-mir-330,9606.ensp00000311816
hsa-mir-9-2,9606.ensp00000311816
hsa-mir-143,9606.ensp00000369270
hsa-mir-145,9606.ensp00000369270
hsa-mir-106a,9606.ensp00000300305
hsa-mir-144,9606.ensp00000300305
hsa-mir-17,9606.ensp00000300305
hsa-mir-181c,9606.ensp00000300305
hsa-mir-181d,9606.ensp00000300305
hsa-mir-18a,9606.ensp00000300305
hsa-mir-18b,9606.ensp00000300305
hsa-mir-19a,9606.ensp00000300305
hsa-mir-19b-1,9606.ensp00000300305
hsa-mir-19b-2,9606.ensp00000300305
hsa-mir-20a,9606.ensp00000300305
hsa-mir-20b,9606.ensp00000300305
hsa-mir-221,9606.ensp00000300305
hsa-mir-23a,9606.ensp00000300305
hsa-mir-24-2,9606.ensp00000300305
hsa-mir-27a,9606.ensp00000300305
hsa-mir-363,9606.ensp00000300305
hsa-mir-484,9606.ensp00000300305
hsa-mir-92a-1,9606.ensp00000300305
hsa-mir-92a-2,9606.ensp00000300305
hsa-mir-221,9606.ensp00000402257
hsa-mir-223,9606.ensp00000402257
hsa-mir-21,9606.ensp00000360493
hsa-mir-23a,9606.ensp00000360493
hsa-mir-24-2,9606.ensp00000360493
hsa-mir-27a,9606.ensp00000360493
hsa-mir-2861,9606.ensp00000360493
hsa-mir-31,9606.ensp00000360493
hsa-mir-3960,9606.ensp00000360493
hsa-mir-146b,9606.ensp00000382800
hsa-mir-185,9606.ensp00000382800
hsa-mir-186,9606.ensp00000382800
hsa-mir-30a,9606.ensp00000382800
hsa-mir-6780a,9606.ensp00000382800
hsa-mir-122,9606.ensp00000419692
hsa-mir-143,9606.ensp00000419692
hsa-mir-145,9606.ensp00000419692
hsa-mir-193a,9606.ensp00000419692
hsa-mir-127,9606.ensp00000254227
hsa-mir-433,9606.ensp00000254227
hsa-mir-141,9606.ensp00000308533
hsa-mir-200a,9606.ensp00000308533
hsa-mir-200b,9606.ensp00000308533
hsa-mir-200c,9606.ensp00000308533
hsa-mir-429,9606.ensp00000308533
hsa-mir-34a,9606.ensp00000212015
hsa-mir-424,9606.ensp00000212015
hsa-mir-503,9606.ensp00000212015
hsa-mir-766,9606.ensp00000337332
hsa-mir-200a,9606.ensp00000247182
hsa-mir-200b,9606.ensp00000247182
hsa-mir-200c,9606.ensp00000247182
hsa-mir-200a,9606.ensp00000380034
hsa-mir-200b,9606.ensp00000380034
hsa-mir-200c,9606.ensp00000380034
hsa-mir-302a,9606.ensp00000373918
hsa-mir-302b,9606.ensp00000373918
hsa-mir-302c,9606.ensp00000373918
hsa-mir-302d,9606.ensp00000373918
hsa-mir-367,9606.ensp00000373918
hsa-mir-27a,9606.ensp00000262160
hsa-mir-30d,9606.ensp00000262160
hsa-mir-96,9606.ensp00000262160
hsa-mir-136,9606.ensp00000332973
hsa-mir-140,9606.ensp00000332973
hsa-mir-143,9606.ensp00000332973
hsa-mir-145,9606.ensp00000332973
hsa-mir-155,9606.ensp00000332973
hsa-mir-17,9606.ensp00000332973
hsa-mir-181a-2,9606.ensp00000332973
hsa-mir-181b-2,9606.ensp00000332973
hsa-mir-18a,9606.ensp00000332973
hsa-mir-192,9606.ensp00000332973
hsa-mir-19a,9606.ensp00000332973
hsa-mir-19b-1,9606.ensp00000332973
hsa-mir-200a,9606.ensp00000332973
hsa-mir-200b,9606.ensp00000332973
hsa-mir-20a,9606.ensp00000332973
hsa-mir-21,9606.ensp00000332973
hsa-mir-27a,9606.ensp00000332973
hsa-mir-30d,9606.ensp00000332973
hsa-mir-31,9606.ensp00000332973
hsa-mir-424,9606.ensp00000332973
hsa-mir-433,9606.ensp00000332973
hsa-mir-450b,9606.ensp00000332973
hsa-mir-455,9606.ensp00000332973
hsa-mir-494,9606.ensp00000332973
hsa-mir-503,9606.ensp00000332973
hsa-mir-92a-1,9606.ensp00000332973
hsa-mir-143,9606.ensp00000341551
hsa-mir-145,9606.ensp00000341551
hsa-mir-155,9606.ensp00000341551
hsa-mir-181a-2,9606.ensp00000341551
hsa-mir-181b-2,9606.ensp00000341551
hsa-mir-302a,9606.ensp00000341551
hsa-mir-302b,9606.ensp00000341551
hsa-mir-302c,9606.ensp00000341551
hsa-mir-302d,9606.ensp00000341551
hsa-mir-367,9606.ensp00000341551
hsa-mir-376c,9606.ensp00000341551
hsa-mir-424,9606.ensp00000341551
hsa-mir-450b,9606.ensp00000341551
hsa-mir-494,9606.ensp00000341551
hsa-mir-503,9606.ensp00000341551
hsa-mir-574,9606.ensp00000341551
hsa-mir-96,9606.ensp00000341551
hsa-mir-128-2,9606.ensp00000244050
hsa-mir-141,9606.ensp00000244050
hsa-mir-200a,9606.ensp00000244050
hsa-mir-200b,9606.ensp00000244050
hsa-mir-200c,9606.ensp00000244050
hsa-mir-34a,9606.ensp00000244050
hsa-mir-34b,9606.ensp00000244050
hsa-mir-34c,9606.ensp00000244050
hsa-mir-375,9606.ensp00000244050
hsa-mir-429,9606.ensp00000244050
hsa-mir-493,9606.ensp00000244050
hsa-mir-137,9606.ensp00000380034
hsa-mir-141,9606.ensp00000380034
hsa-mir-145,9606.ensp00000380034
hsa-mir-221,9606.ensp00000380034
hsa-mir-222,9606.ensp00000380034
hsa-mir-34a,9606.ensp00000380034
hsa-mir-429,9606.ensp00000380034
hsa-mir-675,9606.ensp00000380034
hsa-mir-23a,9606.ensp00000348984
hsa-mir-24-2,9606.ensp00000348984
hsa-mir-27a,9606.ensp00000348984
hsa-mir-335,9606.ensp00000380093
hsa-mir-338,9606.ensp00000380093
hsa-mir-124-2,9606.ensp00000323588
hsa-mir-1251,9606.ensp00000323588
hsa-mir-135b,9606.ensp00000323588
hsa-mir-137,9606.ensp00000323588
hsa-mir-141,9606.ensp00000323588
hsa-mir-181a-2,9606.ensp00000323588
hsa-mir-182,9606.ensp00000323588
hsa-mir-183,9606.ensp00000323588
hsa-mir-19b-2,9606.ensp00000323588
hsa-mir-200c,9606.ensp00000323588
hsa-mir-22,9606.ensp00000323588
hsa-mir-301a,9606.ensp00000323588
hsa-mir-302a,9606.ensp00000323588
hsa-mir-302b,9606.ensp00000323588
hsa-mir-302c,9606.ensp00000323588
hsa-mir-302d,9606.ensp00000323588
hsa-mir-324,9606.ensp00000323588
hsa-mir-367,9606.ensp00000323588
hsa-mir-424,9606.ensp00000323588
hsa-mir-577,9606.ensp00000323588
hsa-mir-7-1,9606.ensp00000323588
hsa-mir-7-3,9606.ensp00000323588
hsa-mir-766,9606.ensp00000323588
hsa-mir-9-2,9606.ensp00000323588
hsa-mir-942,9606.ensp00000323588
hsa-mir-96,9606.ensp00000323588
hsa-mir-1269a,9606.ensp00000244745
hsa-mir-129-2,9606.ensp00000244745
hsa-mir-31,9606.ensp00000244745
hsa-mir-140,9606.ensp00000245479
hsa-mir-29a,9606.ensp00000245479
hsa-mir-574,9606.ensp00000245479
hsa-mir-675,9606.ensp00000245479
hsa-mir-106a,9606.ensp00000308970
hsa-mir-130a,9606.ensp00000308970
hsa-mir-132,9606.ensp00000308970
hsa-mir-141,9606.ensp00000308970
hsa-mir-142,9606.ensp00000308970
hsa-mir-146b,9606.ensp00000308970
hsa-mir-17,9606.ensp00000308970
hsa-mir-182,9606.ensp00000308970
hsa-mir-18a,9606.ensp00000308970
hsa-mir-195,9606.ensp00000308970
hsa-mir-19a,9606.ensp00000308970
hsa-mir-19b-1,9606.ensp00000308970
hsa-mir-200a,9606.ensp00000308970
hsa-mir-200b,9606.ensp00000308970
hsa-mir-200c,9606.ensp00000308970
hsa-mir-20a,9606.ensp00000308970
hsa-mir-22,9606.ensp00000308970
hsa-mir-23a,9606.ensp00000308970
hsa-mir-23b,9606.ensp00000308970
hsa-mir-24-2,9606.ensp00000308970
hsa-mir-27a,9606.ensp00000308970
hsa-mir-29c,9606.ensp00000308970
hsa-mir-3151,9606.ensp00000308970
hsa-mir-320a,9606.ensp00000308970
hsa-mir-34c,9606.ensp00000308970
hsa-mir-373,9606.ensp00000308970
hsa-mir-429,9606.ensp00000308970
hsa-mir-630,9606.ensp00000308970
hsa-mir-92a-1,9606.ensp00000308970
hsa-mir-93,9606.ensp00000443827
hsa-mir-142,9606.ensp00000227163
hsa-mir-146a,9606.ensp00000227163
hsa-mir-155,9606.ensp00000227163
hsa-mir-17,9606.ensp00000227163
hsa-mir-18a,9606.ensp00000227163
hsa-mir-199a-2,9606.ensp00000227163
hsa-mir-19a,9606.ensp00000227163
hsa-mir-19b-1,9606.ensp00000227163
hsa-mir-20a,9606.ensp00000227163
hsa-mir-21,9606.ensp00000227163
hsa-mir-22,9606.ensp00000227163
hsa-mir-223,9606.ensp00000227163
hsa-mir-23a,9606.ensp00000227163
hsa-mir-338,9606.ensp00000227163
hsa-mir-342,9606.ensp00000227163
hsa-mir-424,9606.ensp00000227163
hsa-mir-615,9606.ensp00000227163
hsa-mir-92a-1,9606.ensp00000227163
hsa-mir-141,9606.ensp00000346251
hsa-mir-141,9606.ensp00000376423
hsa-mir-200c,9606.ensp00000376423
hsa-mir-143,9606.ensp00000362680
hsa-mir-145,9606.ensp00000362680
hsa-mir-107,9606.ensp00000348069
hsa-mir-185,9606.ensp00000348069
hsa-mir-613,9606.ensp00000348069
hsa-mir-17,9606.ensp00000354476
hsa-mir-182,9606.ensp00000354476
hsa-mir-183,9606.ensp00000354476
hsa-mir-18a,9606.ensp00000354476
hsa-mir-19a,9606.ensp00000354476
hsa-mir-19b-1,9606.ensp00000354476
hsa-mir-20a,9606.ensp00000354476
hsa-mir-92a-1,9606.ensp00000354476
hsa-mir-96,9606.ensp00000354476
hsa-mir-1-1,9606.ensp00000265354
hsa-mir-1-2,9606.ensp00000265354
hsa-mir-143,9606.ensp00000265354
hsa-mir-145,9606.ensp00000265354
hsa-mir-199a-1,9606.ensp00000265354
hsa-mir-199a-2,9606.ensp00000265354
hsa-mir-206,9606.ensp00000265354
hsa-mir-214,9606.ensp00000265354
hsa-mir-3120,9606.ensp00000265354
hsa-mir-221,9606.ensp00000258962
hsa-mir-222,9606.ensp00000258962
hsa-mir-361,9606.ensp00000350198
hsa-mir-146b,9606.ensp00000354394
hsa-mir-155,9606.ensp00000354394
hsa-mir-29a,9606.ensp00000354394
hsa-mir-34a,9606.ensp00000354394
hsa-let-7d,9606.ensp00000264657
hsa-mir-125b-2,9606.ensp00000264657
hsa-mir-135b,9606.ensp00000264657
hsa-mir-143,9606.ensp00000264657
hsa-mir-146a,9606.ensp00000264657
hsa-mir-146b,9606.ensp00000264657
hsa-mir-150,9606.ensp00000264657
hsa-mir-155,9606.ensp00000264657
hsa-mir-15a,9606.ensp00000264657
hsa-mir-16-1,9606.ensp00000264657
hsa-mir-17,9606.ensp00000264657
hsa-mir-181b-1,9606.ensp00000264657
hsa-mir-182,9606.ensp00000264657
hsa-mir-183,9606.ensp00000264657
hsa-mir-184,9606.ensp00000264657
hsa-mir-18a,9606.ensp00000264657
hsa-mir-197,9606.ensp00000264657
hsa-mir-19a,9606.ensp00000264657
hsa-mir-19b-1,9606.ensp00000264657
hsa-mir-200c,9606.ensp00000264657
hsa-mir-204,9606.ensp00000264657
hsa-mir-20a,9606.ensp00000264657
hsa-mir-21,9606.ensp00000264657
hsa-mir-214,9606.ensp00000264657
hsa-mir-22,9606.ensp00000264657
hsa-mir-23b,9606.ensp00000264657
hsa-mir-24-1,9606.ensp00000264657
hsa-mir-26a-1,9606.ensp00000264657
hsa-mir-27b,9606.ensp00000264657
hsa-mir-29a,9606.ensp00000264657
hsa-mir-29b-1,9606.ensp00000264657
hsa-mir-29b-2,9606.ensp00000264657
hsa-mir-29c,9606.ensp00000264657
hsa-mir-30c-1,9606.ensp00000264657
hsa-mir-34a,9606.ensp00000264657
hsa-mir-370,9606.ensp00000264657
hsa-mir-383,9606.ensp00000264657
hsa-mir-520d,9606.ensp00000264657
hsa-mir-629,9606.ensp00000264657
hsa-mir-92a-1,9606.ensp00000264657
hsa-mir-96,9606.ensp00000264657
hsa-mir-506,9606.ensp00000376134
hsa-mir-146b,9606.ensp00000293328
hsa-mir-155,9606.ensp00000293328
hsa-mir-15a,9606.ensp00000293328
hsa-mir-15b,9606.ensp00000293328
hsa-mir-17,9606.ensp00000293328
hsa-mir-182,9606.ensp00000293328
hsa-mir-183,9606.ensp00000293328
hsa-mir-18a,9606.ensp00000293328
hsa-mir-195,9606.ensp00000293328
hsa-mir-19a,9606.ensp00000293328
hsa-mir-19b-1,9606.ensp00000293328
hsa-mir-20a,9606.ensp00000293328
hsa-mir-22,9606.ensp00000293328
hsa-mir-92a-1,9606.ensp00000293328
hsa-mir-96,9606.ensp00000293328
hsa-mir-142,9606.ensp00000300134
hsa-mir-342,9606.ensp00000300134
hsa-mir-122,9606.ensp00000337976
hsa-mir-217,9606.ensp00000316578
hsa-mir-31,9606.ensp00000316578
hsa-mir-17,9606.ensp00000263974
hsa-mir-20a,9606.ensp00000263974
hsa-mir-144,9606.ensp00000294339
hsa-mir-146b,9606.ensp00000294339
hsa-mir-223,9606.ensp00000294339
hsa-mir-29c,9606.ensp00000294339
hsa-mir-620,9606.ensp00000294339
hsa-mir-106b,9606.ensp00000419465
hsa-mir-25,9606.ensp00000419465
hsa-mir-93,9606.ensp00000419465
hsa-mir-96,9606.ensp00000331791
hsa-mir-320a,9606.ensp00000262965
hsa-mir-495,9606.ensp00000262965
hsa-mir-125b-1,9606.ensp00000358404
hsa-mir-146a,9606.ensp00000358404
hsa-mir-181a-2,9606.ensp00000358404
hsa-mir-181b-2,9606.ensp00000358404
hsa-mir-21,9606.ensp00000358404
hsa-mir-34a,9606.ensp00000358404
hsa-mir-106b,9606.ensp00000435233
hsa-mir-25,9606.ensp00000435233
hsa-mir-93,9606.ensp00000435233
hsa-mir-130a,9606.ensp00000472109
hsa-mir-126,9606.ensp00000368924
hsa-mir-17,9606.ensp00000368924
hsa-mir-18a,9606.ensp00000368924
hsa-mir-19a,9606.ensp00000368924
hsa-mir-19b-1,9606.ensp00000368924
hsa-mir-20a,9606.ensp00000368924
hsa-mir-214,9606.ensp00000368924
hsa-mir-638,9606.ensp00000368924
hsa-mir-92a-1,9606.ensp00000368924
hsa-mir-944,9606.ensp00000368924
hsa-mir-944,9606.ensp00000201031
hsa-let-7d,9606.ensp00000221930
hsa-mir-122,9606.ensp00000221930
hsa-mir-141,9606.ensp00000221930
hsa-mir-143,9606.ensp00000221930
hsa-mir-145,9606.ensp00000221930
hsa-mir-146a,9606.ensp00000221930
hsa-mir-155,9606.ensp00000221930
hsa-mir-181b-1,9606.ensp00000221930
hsa-mir-181b-2,9606.ensp00000221930
hsa-mir-192,9606.ensp00000221930
hsa-mir-200a,9606.ensp00000221930
hsa-mir-200b,9606.ensp00000221930
hsa-mir-200c,9606.ensp00000221930
hsa-mir-205,9606.ensp00000221930
hsa-mir-21,9606.ensp00000221930
hsa-mir-215,9606.ensp00000221930
hsa-mir-216a,9606.ensp00000221930
hsa-mir-217,9606.ensp00000221930
hsa-mir-224,9606.ensp00000221930
hsa-mir-23a,9606.ensp00000221930
hsa-mir-27a,9606.ensp00000221930
hsa-mir-29a,9606.ensp00000221930
hsa-mir-421,9606.ensp00000221930
hsa-mir-424,9606.ensp00000221930
hsa-mir-429,9606.ensp00000221930
hsa-mir-433,9606.ensp00000221930
hsa-mir-503,9606.ensp00000221930
hsa-mir-21,9606.ensp00000370571
hsa-mir-181d,9606.ensp00000264637
hsa-mir-125a,9606.ensp00000260010
hsa-mir-146a,9606.ensp00000260010
hsa-mir-27a,9606.ensp00000260010
hsa-mir-187,9606.ensp00000363089
hsa-mir-27a,9606.ensp00000363089
hsa-mir-17,9606.ensp00000359215
hsa-mir-18a,9606.ensp00000359215
hsa-mir-19a,9606.ensp00000359215
hsa-mir-20a,9606.ensp00000359215
hsa-mir-17,9606.ensp00000296921
hsa-mir-18a,9606.ensp00000296921
hsa-mir-19a,9606.ensp00000296921
hsa-mir-20a,9606.ensp00000296921
hsa-let-7a-1,9606.ensp00000398698
hsa-let-7d,9606.ensp00000398698
hsa-let-7f-1,9606.ensp00000398698
hsa-mir-146b,9606.ensp00000398698
hsa-mir-17,9606.ensp00000398698
hsa-mir-181a-1,9606.ensp00000398698
hsa-mir-181b-1,9606.ensp00000398698
hsa-mir-31,9606.ensp00000398698
hsa-mir-1-1,9606.ensp00000293825
hsa-mir-1-2,9606.ensp00000293825
hsa-mir-133b,9606.ensp00000293825
hsa-mir-146a,9606.ensp00000293825
hsa-mir-206,9606.ensp00000293825
hsa-mir-455,9606.ensp00000293825
hsa-mir-100,9606.ensp00000269305
hsa-mir-106a,9606.ensp00000269305
hsa-mir-107,9606.ensp00000269305
hsa-mir-10b,9606.ensp00000269305
hsa-mir-1204,9606.ensp00000269305
hsa-mir-1206,9606.ensp00000269305
hsa-mir-1246,9606.ensp00000269305
hsa-mir-125a,9606.ensp00000269305
hsa-mir-127,9606.ensp00000269305
hsa-mir-1275,9606.ensp00000269305
hsa-mir-1277,9606.ensp00000269305
hsa-mir-1323,9606.ensp00000269305
hsa-mir-139,9606.ensp00000269305
hsa-mir-141,9606.ensp00000269305
hsa-mir-142,9606.ensp00000269305
hsa-mir-143,9606.ensp00000269305
hsa-mir-145,9606.ensp00000269305
hsa-mir-146a,9606.ensp00000269305
hsa-mir-148a,9606.ensp00000269305
hsa-mir-149,9606.ensp00000269305
hsa-mir-150,9606.ensp00000269305
hsa-mir-151a,9606.ensp00000269305
hsa-mir-155,9606.ensp00000269305
hsa-mir-15a,9606.ensp00000269305
hsa-mir-15b,9606.ensp00000269305
hsa-mir-16-1,9606.ensp00000269305
hsa-mir-16-2,9606.ensp00000269305
hsa-mir-17,9606.ensp00000269305
hsa-mir-184,9606.ensp00000269305
hsa-mir-18a,9606.ensp00000269305
hsa-mir-191,9606.ensp00000269305
hsa-mir-192,9606.ensp00000269305
hsa-mir-193b,9606.ensp00000269305
hsa-mir-196a-1,9606.ensp00000269305
hsa-mir-198,9606.ensp00000269305
hsa-mir-19a,9606.ensp00000269305
hsa-mir-19b-1,9606.ensp00000269305
hsa-mir-200a,9606.ensp00000269305
hsa-mir-200b,9606.ensp00000269305
hsa-mir-200c,9606.ensp00000269305
hsa-mir-202,9606.ensp00000269305
hsa-mir-205,9606.ensp00000269305
hsa-mir-20a,9606.ensp00000269305
hsa-mir-210,9606.ensp00000269305
hsa-mir-215,9606.ensp00000269305
hsa-mir-22,9606.ensp00000269305
hsa-mir-221,9606.ensp00000269305
hsa-mir-222,9606.ensp00000269305
hsa-mir-224,9606.ensp00000269305
hsa-mir-23b,9606.ensp00000269305
hsa-mir-27a,9606.ensp00000269305
hsa-mir-27b,9606.ensp00000269305
hsa-mir-29a,9606.ensp00000269305
hsa-mir-300,9606.ensp00000269305
hsa-mir-34a,9606.ensp00000269305
hsa-mir-34b,9606.ensp00000269305
hsa-mir-34c,9606.ensp00000269305
hsa-mir-3661,9606.ensp00000269305
hsa-mir-3662,9606.ensp00000269305
hsa-mir-381,9606.ensp00000269305
hsa-mir-429,9606.ensp00000269305
hsa-mir-4521,9606.ensp00000269305
hsa-mir-502,9606.ensp00000269305
hsa-mir-504,9606.ensp00000269305
hsa-mir-506,9606.ensp00000269305
hsa-mir-519d,9606.ensp00000269305
hsa-mir-590,9606.ensp00000269305
hsa-mir-605,9606.ensp00000269305
hsa-mir-655,9606.ensp00000269305
hsa-mir-7-1,9606.ensp00000269305
hsa-mir-9-2,9606.ensp00000269305
hsa-mir-92a-1,9606.ensp00000269305
hsa-mir-1204,9606.ensp00000264731
hsa-mir-1246,9606.ensp00000264731
hsa-mir-130b,9606.ensp00000264731
hsa-mir-133b,9606.ensp00000264731
hsa-mir-138-2,9606.ensp00000264731
hsa-mir-155,9606.ensp00000264731
hsa-mir-181b-1,9606.ensp00000264731
hsa-mir-193a,9606.ensp00000264731
hsa-mir-200a,9606.ensp00000264731
hsa-mir-200b,9606.ensp00000264731
hsa-mir-202,9606.ensp00000264731
hsa-mir-205,9606.ensp00000264731
hsa-mir-34a,9606.ensp00000264731
hsa-mir-374a,9606.ensp00000264731
hsa-mir-429,9606.ensp00000264731
hsa-mir-630,9606.ensp00000264731
hsa-mir-944,9606.ensp00000264731
hsa-mir-1204,9606.ensp00000367545
hsa-mir-1246,9606.ensp00000367545
hsa-mir-143,9606.ensp00000367545
hsa-mir-145,9606.ensp00000367545
hsa-mir-193a,9606.ensp00000367545
hsa-mir-200a,9606.ensp00000367545
hsa-mir-200b,9606.ensp00000367545
hsa-mir-202,9606.ensp00000367545
hsa-mir-205,9606.ensp00000367545
hsa-mir-34a,9606.ensp00000367545
hsa-mir-429,9606.ensp00000367545
hsa-let-7b,9606.ensp00000408292
hsa-let-7c,9606.ensp00000408292
hsa-let-7d,9606.ensp00000408292
hsa-let-7e,9606.ensp00000408292
hsa-let-7g,9606.ensp00000408292
hsa-let-7i,9606.ensp00000408292
hsa-mir-32,9606.ensp00000333920
hsa-mir-33a,9606.ensp00000333920
hsa-let-7i,9606.ensp00000242261
hsa-mir-10a,9606.ensp00000242261
hsa-mir-10b,9606.ensp00000242261
hsa-mir-141,9606.ensp00000242261
hsa-mir-181a-1,9606.ensp00000242261
hsa-mir-181b-1,9606.ensp00000242261
hsa-mir-192,9606.ensp00000242261
hsa-mir-199a-2,9606.ensp00000242261
hsa-mir-200a,9606.ensp00000242261
hsa-mir-200b,9606.ensp00000242261
hsa-mir-200c,9606.ensp00000242261
hsa-mir-205,9606.ensp00000242261
hsa-mir-214,9606.ensp00000242261
hsa-mir-223,9606.ensp00000242261
hsa-mir-27a,9606.ensp00000242261
hsa-mir-3120,9606.ensp00000242261
hsa-mir-371a,9606.ensp00000242261
hsa-mir-371b,9606.ensp00000242261
hsa-mir-372,9606.ensp00000242261
hsa-mir-373,9606.ensp00000242261
hsa-mir-429,9606.ensp00000242261
hsa-mir-200c,9606.ensp00000348056
hsa-mir-132,9606.ensp00000357000
hsa-mir-148a,9606.ensp00000357000
hsa-mir-483,9606.ensp00000357000
hsa-mir-145,9606.ensp00000228606
hsa-mir-210,9606.ensp00000256474
hsa-mir-346,9606.ensp00000216037
hsa-mir-106b,9606.ensp00000478927
hsa-mir-130a,9606.ensp00000478927
hsa-mir-25,9606.ensp00000478927
hsa-mir-93,9606.ensp00000478927
hsa-mir-29b-2,9606.ensp00000361626
hsa-let-7a-1,9606.ensp00000262238
hsa-let-7a-2,9606.ensp00000262238
hsa-let-7a-3,9606.ensp00000262238
hsa-mir-10a,9606.ensp00000262238
hsa-mir-137,9606.ensp00000262238
hsa-mir-155,9606.ensp00000262238
hsa-mir-2682,9606.ensp00000262238
hsa-mir-29a,9606.ensp00000262238
hsa-mir-29c,9606.ensp00000262238
hsa-mir-31,9606.ensp00000262238
hsa-mir-372,9606.ensp00000262238
hsa-mir-9-1,9606.ensp00000262238
hsa-mir-9-2,9606.ensp00000262238
hsa-mir-9-3,9606.ensp00000262238
hsa-mir-221,9606.ensp00000338157
hsa-mir-222,9606.ensp00000338157
hsa-mir-31,9606.ensp00000307858
hsa-mir-21,9606.ensp00000323670
hsa-mir-675,9606.ensp00000323670
hsa-mir-100,9606.ensp00000354487
hsa-mir-101-1,9606.ensp00000354487
hsa-mir-107,9606.ensp00000354487
hsa-mir-141,9606.ensp00000354487
hsa-mir-145,9606.ensp00000354487
hsa-mir-15b,9606.ensp00000354487
hsa-mir-182,9606.ensp00000354487
hsa-mir-183,9606.ensp00000354487
hsa-mir-200a,9606.ensp00000354487
hsa-mir-200b,9606.ensp00000354487
hsa-mir-200c,9606.ensp00000354487
hsa-mir-205,9606.ensp00000354487
hsa-mir-335,9606.ensp00000354487
hsa-mir-34a,9606.ensp00000354487
hsa-mir-34b,9606.ensp00000354487
hsa-mir-34c,9606.ensp00000354487
hsa-mir-375,9606.ensp00000354487
hsa-mir-429,9606.ensp00000354487
hsa-mir-96,9606.ensp00000354487
hsa-mir-107,9606.ensp00000454157
hsa-mir-128-2,9606.ensp00000454157
hsa-mir-141,9606.ensp00000454157
hsa-mir-145,9606.ensp00000454157
hsa-mir-15b,9606.ensp00000454157
hsa-mir-200a,9606.ensp00000454157
hsa-mir-200b,9606.ensp00000454157
hsa-mir-200c,9606.ensp00000454157
hsa-mir-335,9606.ensp00000454157
hsa-mir-429,9606.ensp00000454157
hsa-mir-302a,9606.ensp00000317686
hsa-mir-302b,9606.ensp00000317686
hsa-mir-302c,9606.ensp00000317686
hsa-mir-302d,9606.ensp00000317686
hsa-mir-367,9606.ensp00000317686
hsa-mir-23a,9606.ensp00000282928
hsa-mir-24-2,9606.ensp00000282928
hsa-mir-27a,9606.ensp00000282928
